id_proveedor,ruc,razon_social,telefono,direccion
P0000,20180325858,Proveedor 0000 SAC,995041445,"Av. Arequipa 917, Barranco"
P0001,20796560442,Proveedor 0001 SAC,966258591,"Jr. Las Begonias 470, Barranco"
P0002,20494990595,Proveedor 0002 SAC,971576193,"Av. La Marina 104, Jesús María"
P0003,20489713711,Proveedor 0003 SAC,990749241,"Av. Arequipa 768, Pueblo Libre"
P0004,20872738126,Proveedor 0004 SAC,962046320,"Jr. Cusco 222, Pueblo Libre"
P0005,20727631225,Proveedor 0005 SAC,979811711,"Calle Los Pinos 861, Pueblo Libre"
P0006,20281322581,Proveedor 0006 SAC,985028591,"Calle Las Camelias 112, Pueblo Libre"
P0007,20184759612,Proveedor 0007 SAC,930268646,"Jr. Cusco 536, Magdalena"
P0008,20573831080,Proveedor 0008 SAC,914997841,"Calle Las Camelias 561, San Isidro"
P0009,20978060115,Proveedor 0009 SAC,937014965,"Jr. Cusco 307, Surco"
P0010,20762177132,Proveedor 0010 SAC,935656032,"Jr. Las Begonias 278, Barranco"
P0011,20785025730,Proveedor 0011 SAC,988619809,"Av. La Marina 195, Miraflores"
P0012,20745729548,Proveedor 0012 SAC,992136086,"Calle Los Pinos 411, San Borja"
P0013,20807457873,Proveedor 0013 SAC,910473877,"Calle Las Camelias 879, Jesús María"
P0014,20561903915,Proveedor 0014 SAC,954980810,"Calle Las Camelias 405, Miraflores"
P0015,20215302269,Proveedor 0015 SAC,983910556,"Av. La Marina 180, Barranco"
P0016,20855773405,Proveedor 0016 SAC,921829664,"Jr. Las Begonias 499, Surco"
P0017,20505347343,Proveedor 0017 SAC,981736247,"Calle Las Camelias 242, Jesús María"
P0018,20550316723,Proveedor 0018 SAC,920717469,"Calle Las Camelias 568, Pueblo Libre"
P0019,20433718221,Proveedor 0019 SAC,952114145,"Calle Las Camelias 790, Magdalena"
P0020,20264294672,Proveedor 0020 SAC,983481863,"Av. Javier Prado 622, Pueblo Libre"
P0021,20934088488,Proveedor 0021 SAC,937272918,"Calle Los Pinos 950, Pueblo Libre"
P0022,20803410709,Proveedor 0022 SAC,940744308,"Av. La Marina 470, Magdalena"
P0023,20679478607,Proveedor 0023 SAC,935058304,"Calle Las Camelias 186, San Isidro"
P0024,20462172927,Proveedor 0024 SAC,974752381,"Jr. Las Begonias 486, Miraflores"
P0025,20590886206,Proveedor 0025 SAC,932938262,"Av. Javier Prado 586, Barranco"
P0026,20499072778,Proveedor 0026 SAC,999141378,"Jr. Cusco 325, Magdalena"
P0027,20505413597,Proveedor 0027 SAC,950056867,"Av. Arequipa 711, Lince"
P0028,20304514849,Proveedor 0028 SAC,953033399,"Av. La Marina 744, Miraflores"
P0029,20182922322,Proveedor 0029 SAC,955409342,"Jr. Cusco 928, Barranco"
P0030,20599126307,Proveedor 0030 SAC,962428863,"Av. La Marina 399, Lince"
P0031,20899100857,Proveedor 0031 SAC,959814761,"Calle Los Pinos 757, Surco"
P0032,20157435530,Proveedor 0032 SAC,955850256,"Jr. Las Begonias 145, La Molina"
P0033,20872462163,Proveedor 0033 SAC,999595024,"Jr. Las Begonias 369, Barranco"
P0034,20844868053,Proveedor 0034 SAC,982689737,"Av. Arequipa 855, Jesús María"
P0035,20349083724,Proveedor 0035 SAC,981339571,"Av. Los Álamos 771, Lince"
P0036,20668497958,Proveedor 0036 SAC,973024699,"Calle Las Camelias 530, Miraflores"
P0037,20248706171,Proveedor 0037 SAC,940692331,"Av. Javier Prado 510, Lince"
P0038,20782278965,Proveedor 0038 SAC,999006412,"Calle Los Pinos 375, Miraflores"
P0039,20419073370,Proveedor 0039 SAC,951960745,"Calle Las Camelias 778, La Molina"
P0040,20161128001,Proveedor 0040 SAC,929377782,"Jr. Las Begonias 664, La Molina"
P0041,20973628220,Proveedor 0041 SAC,986057861,"Jr. Cusco 181, Miraflores"
P0042,20501118737,Proveedor 0042 SAC,924419082,"Jr. Cusco 155, Lince"
P0043,20903809008,Proveedor 0043 SAC,987170432,"Calle Los Pinos 102, Magdalena"
P0044,20710127109,Proveedor 0044 SAC,965128563,"Jr. Cusco 832, Pueblo Libre"
P0045,20800545146,Proveedor 0045 SAC,920324209,"Jr. Cusco 856, Miraflores"
P0046,20783909496,Proveedor 0046 SAC,913954780,"Calle Las Camelias 921, Lince"
P0047,20275174836,Proveedor 0047 SAC,950028278,"Av. Arequipa 766, Pueblo Libre"
P0048,20427515427,Proveedor 0048 SAC,913211225,"Calle Las Camelias 570, Pueblo Libre"
P0049,20520048902,Proveedor 0049 SAC,922740178,"Calle Las Camelias 367, San Isidro"
P0050,20548012387,Proveedor 0050 SAC,956339993,"Jr. Las Begonias 127, La Molina"
P0051,20591912552,Proveedor 0051 SAC,997323819,"Av. Los Álamos 332, Surco"
P0052,20238860542,Proveedor 0052 SAC,951958541,"Jr. Cusco 323, Barranco"
P0053,20769038315,Proveedor 0053 SAC,982760162,"Jr. Las Begonias 973, Jesús María"
P0054,20930275054,Proveedor 0054 SAC,992545098,"Jr. Las Begonias 135, San Borja"
P0055,20770285939,Proveedor 0055 SAC,984111673,"Av. Javier Prado 198, Miraflores"
P0056,20429978390,Proveedor 0056 SAC,966630362,"Av. Los Álamos 709, San Isidro"
P0057,20469765318,Proveedor 0057 SAC,949725801,"Av. Los Álamos 509, San Borja"
P0058,20393242821,Proveedor 0058 SAC,956270587,"Av. Javier Prado 943, Pueblo Libre"
P0059,20433413734,Proveedor 0059 SAC,933964300,"Av. Javier Prado 677, Pueblo Libre"
P0060,20168708867,Proveedor 0060 SAC,954718608,"Calle Los Pinos 691, Surco"
P0061,20522600229,Proveedor 0061 SAC,944143860,"Av. Javier Prado 313, Miraflores"
P0062,20816111976,Proveedor 0062 SAC,932276342,"Av. Arequipa 616, San Borja"
P0063,20270524222,Proveedor 0063 SAC,999392642,"Av. Los Álamos 312, Pueblo Libre"
P0064,20516646513,Proveedor 0064 SAC,911061462,"Calle Los Pinos 963, Barranco"
P0065,20216929354,Proveedor 0065 SAC,918747325,"Av. Arequipa 114, San Isidro"
P0066,20528134432,Proveedor 0066 SAC,927316192,"Av. Javier Prado 404, Pueblo Libre"
P0067,20397176699,Proveedor 0067 SAC,997211636,"Av. La Marina 237, Miraflores"
P0068,20304218413,Proveedor 0068 SAC,972282890,"Av. La Marina 663, Miraflores"
P0069,20608049903,Proveedor 0069 SAC,989365912,"Av. Arequipa 372, San Borja"
P0070,20702832594,Proveedor 0070 SAC,928054604,"Jr. Cusco 875, La Molina"
P0071,20946275485,Proveedor 0071 SAC,974887866,"Av. Arequipa 374, Miraflores"
P0072,20493436726,Proveedor 0072 SAC,943258267,"Av. Arequipa 789, Magdalena"
P0073,20244619345,Proveedor 0073 SAC,954011301,"Calle Las Camelias 547, Miraflores"
P0074,20849410375,Proveedor 0074 SAC,910336081,"Av. Javier Prado 615, San Borja"
P0075,20666787870,Proveedor 0075 SAC,965578773,"Jr. Cusco 336, Lince"
P0076,20730238590,Proveedor 0076 SAC,984704294,"Av. Arequipa 186, La Molina"
P0077,20187503970,Proveedor 0077 SAC,969732042,"Jr. Cusco 146, Lince"
P0078,20381129976,Proveedor 0078 SAC,923901497,"Calle Las Camelias 840, Lince"
P0079,20791059522,Proveedor 0079 SAC,958042199,"Av. Arequipa 425, San Borja"
P0080,20849033820,Proveedor 0080 SAC,934083937,"Av. Los Álamos 749, San Borja"
P0081,20491695000,Proveedor 0081 SAC,996840608,"Av. Arequipa 518, Pueblo Libre"
P0082,20824287920,Proveedor 0082 SAC,989229892,"Jr. Las Begonias 245, San Borja"
P0083,20448730540,Proveedor 0083 SAC,926760877,"Av. Los Álamos 542, Lince"
P0084,20908278862,Proveedor 0084 SAC,947541945,"Jr. Cusco 292, Miraflores"
P0085,20315602005,Proveedor 0085 SAC,994577685,"Av. Javier Prado 669, Barranco"
P0086,20714245952,Proveedor 0086 SAC,986243521,"Calle Las Camelias 441, Miraflores"
P0087,20673085642,Proveedor 0087 SAC,973713053,"Av. La Marina 892, La Molina"
P0088,20225777234,Proveedor 0088 SAC,967574544,"Calle Las Camelias 690, Jesús María"
P0089,20279917381,Proveedor 0089 SAC,913790274,"Av. Los Álamos 631, San Borja"
P0090,20824409200,Proveedor 0090 SAC,976759384,"Av. Arequipa 220, Miraflores"
P0091,20106626042,Proveedor 0091 SAC,952616201,"Jr. Cusco 711, Pueblo Libre"
P0092,20808231938,Proveedor 0092 SAC,918234604,"Av. Javier Prado 438, San Borja"
P0093,20802327885,Proveedor 0093 SAC,932003645,"Av. La Marina 695, Jesús María"
P0094,20524410429,Proveedor 0094 SAC,958702943,"Av. La Marina 293, Magdalena"
P0095,20734648839,Proveedor 0095 SAC,975410841,"Jr. Las Begonias 287, San Borja"
P0096,20349409462,Proveedor 0096 SAC,955699500,"Av. Arequipa 511, Jesús María"
P0097,20600082264,Proveedor 0097 SAC,965165244,"Av. Los Álamos 409, Magdalena"
P0098,20513024197,Proveedor 0098 SAC,988420543,"Av. Arequipa 620, Pueblo Libre"
P0099,20555045625,Proveedor 0099 SAC,971741912,"Av. La Marina 247, San Isidro"
P0100,20611867075,Proveedor 0100 SAC,942513764,"Jr. Las Begonias 786, Barranco"
P0101,20133536080,Proveedor 0101 SAC,963836565,"Jr. Las Begonias 551, Miraflores"
P0102,20225817298,Proveedor 0102 SAC,919740452,"Av. Arequipa 217, Lince"
P0103,20320933049,Proveedor 0103 SAC,915332647,"Av. Los Álamos 763, Barranco"
P0104,20495652216,Proveedor 0104 SAC,969414094,"Jr. Cusco 342, Pueblo Libre"
P0105,20701562664,Proveedor 0105 SAC,944886861,"Av. La Marina 777, Pueblo Libre"
P0106,20688985973,Proveedor 0106 SAC,963849659,"Calle Los Pinos 657, Pueblo Libre"
P0107,20523986584,Proveedor 0107 SAC,939073270,"Jr. Las Begonias 117, La Molina"
P0108,20869572005,Proveedor 0108 SAC,930308619,"Jr. Las Begonias 894, Pueblo Libre"
P0109,20171277663,Proveedor 0109 SAC,923517975,"Calle Los Pinos 377, Magdalena"
P0110,20788498970,Proveedor 0110 SAC,944342458,"Calle Los Pinos 187, Lince"
P0111,20617140560,Proveedor 0111 SAC,983470428,"Jr. Cusco 163, Magdalena"
P0112,20671246487,Proveedor 0112 SAC,946089828,"Av. Javier Prado 842, Pueblo Libre"
P0113,20608835992,Proveedor 0113 SAC,944150155,"Jr. Cusco 399, San Borja"
P0114,20598221459,Proveedor 0114 SAC,961784690,"Jr. Cusco 157, Surco"
P0115,20181509782,Proveedor 0115 SAC,998087308,"Av. Javier Prado 947, Magdalena"
P0116,20815421353,Proveedor 0116 SAC,945301876,"Av. Arequipa 271, Surco"
P0117,20373555087,Proveedor 0117 SAC,963099251,"Av. La Marina 773, Jesús María"
P0118,20642554418,Proveedor 0118 SAC,949553769,"Jr. Las Begonias 772, Lince"
P0119,20127736050,Proveedor 0119 SAC,964455062,"Calle Las Camelias 602, Miraflores"
P0120,20412749281,Proveedor 0120 SAC,950113801,"Calle Las Camelias 265, San Isidro"
P0121,20493045649,Proveedor 0121 SAC,967419691,"Av. Arequipa 505, Lince"
P0122,20984464553,Proveedor 0122 SAC,959243700,"Jr. Las Begonias 748, La Molina"
P0123,20348893497,Proveedor 0123 SAC,970880521,"Calle Las Camelias 671, Barranco"
P0124,20467675778,Proveedor 0124 SAC,996108832,"Av. Arequipa 857, San Isidro"
P0125,20868062764,Proveedor 0125 SAC,923570921,"Av. Arequipa 642, San Borja"
P0126,20131223668,Proveedor 0126 SAC,960547150,"Av. La Marina 676, Miraflores"
P0127,20152472467,Proveedor 0127 SAC,949628211,"Jr. Las Begonias 885, Magdalena"
P0128,20353245502,Proveedor 0128 SAC,942219590,"Av. Javier Prado 781, San Borja"
P0129,20925886917,Proveedor 0129 SAC,931560756,"Jr. Cusco 284, La Molina"
P0130,20364234381,Proveedor 0130 SAC,914703420,"Jr. Las Begonias 439, San Borja"
P0131,20490885124,Proveedor 0131 SAC,946224846,"Calle Los Pinos 528, San Isidro"
P0132,20695724862,Proveedor 0132 SAC,984354353,"Av. La Marina 859, La Molina"
P0133,20213652661,Proveedor 0133 SAC,918703368,"Av. Javier Prado 192, San Borja"
P0134,20601328936,Proveedor 0134 SAC,946549595,"Calle Las Camelias 592, San Isidro"
P0135,20554513945,Proveedor 0135 SAC,997104523,"Jr. Cusco 792, San Borja"
P0136,20805508387,Proveedor 0136 SAC,995632073,"Av. Los Álamos 846, Surco"
P0137,20697882185,Proveedor 0137 SAC,929350363,"Calle Las Camelias 426, San Borja"
P0138,20468267797,Proveedor 0138 SAC,910683189,"Av. Arequipa 223, San Isidro"
P0139,20465748174,Proveedor 0139 SAC,970458863,"Av. Arequipa 932, Barranco"
P0140,20476162870,Proveedor 0140 SAC,911283622,"Jr. Las Begonias 233, San Borja"
P0141,20832618345,Proveedor 0141 SAC,937037807,"Jr. Cusco 920, Pueblo Libre"
P0142,20389094158,Proveedor 0142 SAC,954735274,"Av. La Marina 927, Surco"
P0143,20250275627,Proveedor 0143 SAC,988666931,"Av. Los Álamos 490, San Isidro"
P0144,20400862297,Proveedor 0144 SAC,918357106,"Jr. Cusco 988, Miraflores"
P0145,20120440865,Proveedor 0145 SAC,969599325,"Av. Los Álamos 260, Miraflores"
P0146,20195528324,Proveedor 0146 SAC,957973001,"Av. Javier Prado 616, Barranco"
P0147,20181043074,Proveedor 0147 SAC,921845423,"Calle Los Pinos 933, Magdalena"
P0148,20794397171,Proveedor 0148 SAC,986105344,"Av. Arequipa 271, La Molina"
P0149,20750123414,Proveedor 0149 SAC,986056688,"Calle Las Camelias 775, Surco"
P0150,20727093712,Proveedor 0150 SAC,953442839,"Av. Arequipa 791, Miraflores"
P0151,20515689506,Proveedor 0151 SAC,995045334,"Av. Los Álamos 332, La Molina"
P0152,20745352660,Proveedor 0152 SAC,964617807,"Jr. Las Begonias 129, Miraflores"
P0153,20245144600,Proveedor 0153 SAC,991352510,"Av. La Marina 450, San Borja"
P0154,20550940296,Proveedor 0154 SAC,996452590,"Calle Los Pinos 747, Surco"
P0155,20944246251,Proveedor 0155 SAC,961274722,"Calle Los Pinos 755, San Isidro"
P0156,20547597067,Proveedor 0156 SAC,935276802,"Jr. Las Begonias 675, La Molina"
P0157,20726688336,Proveedor 0157 SAC,923091395,"Calle Las Camelias 327, Barranco"
P0158,20546063283,Proveedor 0158 SAC,960656343,"Jr. Cusco 321, San Isidro"
P0159,20501540647,Proveedor 0159 SAC,927321714,"Calle Los Pinos 769, Surco"
P0160,20249592684,Proveedor 0160 SAC,977519682,"Av. Javier Prado 212, La Molina"
P0161,20314889638,Proveedor 0161 SAC,993511510,"Av. Los Álamos 986, Jesús María"
P0162,20371360879,Proveedor 0162 SAC,932090088,"Av. Arequipa 210, Miraflores"
P0163,20715330595,Proveedor 0163 SAC,959709383,"Jr. Las Begonias 611, Pueblo Libre"
P0164,20646476787,Proveedor 0164 SAC,914424958,"Av. Javier Prado 535, Barranco"
P0165,20408331696,Proveedor 0165 SAC,926249724,"Jr. Las Begonias 248, Lince"
P0166,20206205311,Proveedor 0166 SAC,943945369,"Av. Arequipa 339, Surco"
P0167,20405049424,Proveedor 0167 SAC,989565119,"Av. Javier Prado 799, Surco"
P0168,20429637182,Proveedor 0168 SAC,997255656,"Av. Arequipa 564, Magdalena"
P0169,20917722620,Proveedor 0169 SAC,967741452,"Jr. Cusco 532, Jesús María"
P0170,20545559092,Proveedor 0170 SAC,962510784,"Calle Las Camelias 455, Barranco"
P0171,20729736419,Proveedor 0171 SAC,961272484,"Av. Arequipa 263, Pueblo Libre"
P0172,20339282964,Proveedor 0172 SAC,915455297,"Calle Los Pinos 261, Surco"
P0173,20787806506,Proveedor 0173 SAC,943865904,"Jr. Las Begonias 405, Miraflores"
P0174,20972258738,Proveedor 0174 SAC,998499278,"Av. Javier Prado 980, Barranco"
P0175,20337172374,Proveedor 0175 SAC,946985974,"Calle Las Camelias 319, Surco"
P0176,20800875812,Proveedor 0176 SAC,929198116,"Jr. Cusco 971, Pueblo Libre"
P0177,20335026000,Proveedor 0177 SAC,931554028,"Jr. Las Begonias 762, Jesús María"
P0178,20745201169,Proveedor 0178 SAC,974203118,"Calle Los Pinos 547, Jesús María"
P0179,20810105905,Proveedor 0179 SAC,913425155,"Calle Las Camelias 812, San Isidro"
P0180,20504425351,Proveedor 0180 SAC,997247708,"Av. Arequipa 383, San Borja"
P0181,20345017405,Proveedor 0181 SAC,988859691,"Av. Javier Prado 984, San Isidro"
P0182,20171328162,Proveedor 0182 SAC,961077896,"Av. Javier Prado 312, Barranco"
P0183,20186751865,Proveedor 0183 SAC,952095719,"Calle Los Pinos 868, Pueblo Libre"
P0184,20912342155,Proveedor 0184 SAC,978529447,"Av. Los Álamos 784, Magdalena"
P0185,20214819164,Proveedor 0185 SAC,959287167,"Av. Arequipa 987, Magdalena"
P0186,20510198660,Proveedor 0186 SAC,952946546,"Av. Arequipa 736, Surco"
P0187,20733628853,Proveedor 0187 SAC,938994697,"Av. Arequipa 729, Lince"
P0188,20282127027,Proveedor 0188 SAC,950206307,"Calle Las Camelias 761, San Borja"
P0189,20749454757,Proveedor 0189 SAC,977619242,"Av. La Marina 394, Miraflores"
P0190,20375360961,Proveedor 0190 SAC,914958830,"Av. Los Álamos 780, Magdalena"
P0191,20621297611,Proveedor 0191 SAC,912267718,"Jr. Las Begonias 454, Barranco"
P0192,20592216544,Proveedor 0192 SAC,974835757,"Av. Arequipa 636, Barranco"
P0193,20259095504,Proveedor 0193 SAC,943496674,"Av. La Marina 858, Barranco"
P0194,20516885317,Proveedor 0194 SAC,982335906,"Av. Javier Prado 239, Surco"
P0195,20870952854,Proveedor 0195 SAC,912731526,"Av. Javier Prado 351, San Isidro"
P0196,20117571592,Proveedor 0196 SAC,991648434,"Jr. Las Begonias 967, San Borja"
P0197,20747516659,Proveedor 0197 SAC,921060289,"Av. Javier Prado 494, Pueblo Libre"
P0198,20696968210,Proveedor 0198 SAC,939174930,"Av. Los Álamos 353, Jesús María"
P0199,20488883735,Proveedor 0199 SAC,997043340,"Av. Arequipa 514, Magdalena"
P0200,20377800480,Proveedor 0200 SAC,919765425,"Av. Arequipa 678, Pueblo Libre"
P0201,20664577955,Proveedor 0201 SAC,969198465,"Calle Las Camelias 296, La Molina"
P0202,20625688171,Proveedor 0202 SAC,975509605,"Jr. Las Begonias 473, San Isidro"
P0203,20684861940,Proveedor 0203 SAC,948539821,"Jr. Cusco 311, Pueblo Libre"
P0204,20665870757,Proveedor 0204 SAC,917112178,"Jr. Cusco 401, La Molina"
P0205,20175999888,Proveedor 0205 SAC,957136609,"Jr. Cusco 474, Surco"
P0206,20781739105,Proveedor 0206 SAC,949001436,"Av. Los Álamos 595, Jesús María"
P0207,20474226661,Proveedor 0207 SAC,988552827,"Av. Arequipa 216, San Isidro"
P0208,20808197811,Proveedor 0208 SAC,971405136,"Jr. Cusco 754, Magdalena"
P0209,20137452756,Proveedor 0209 SAC,993059156,"Av. Los Álamos 689, Barranco"
P0210,20261510848,Proveedor 0210 SAC,915223608,"Av. Arequipa 521, La Molina"
P0211,20544591736,Proveedor 0211 SAC,963126187,"Calle Los Pinos 149, Magdalena"
P0212,20269402654,Proveedor 0212 SAC,935163529,"Av. Javier Prado 570, Barranco"
P0213,20396875090,Proveedor 0213 SAC,982012532,"Jr. Cusco 962, San Isidro"
P0214,20694539138,Proveedor 0214 SAC,987743859,"Calle Las Camelias 605, La Molina"
P0215,20230071769,Proveedor 0215 SAC,941987239,"Av. Javier Prado 132, Barranco"
P0216,20709932646,Proveedor 0216 SAC,991303780,"Jr. Cusco 135, Barranco"
P0217,20193062670,Proveedor 0217 SAC,956718863,"Calle Los Pinos 206, Lince"
P0218,20628880114,Proveedor 0218 SAC,957774881,"Av. Los Álamos 595, Magdalena"
P0219,20814134910,Proveedor 0219 SAC,978872263,"Av. Los Álamos 811, Jesús María"
