id_proveedor,id_entidad,n_contratos,pct_contratacion_directa,pct_comparacion_precios,score_riesgo_favoritismo,label
P0064,E00,14,0.35714285714285715,0.2857142857142857,0.9698459535922498,1
P0074,E06,13,0.6153846153846154,0.07692307692307693,0.8998674626700357,1
P0156,E02,24,0.4166666666666667,0.08333333333333333,0.8398717674483396,1
P0016,E07,9,0.3333333333333333,0.3333333333333333,0.8198545594442292,1
P0022,E00,11,0.6363636363636364,0.18181818181818182,0.8098459535922499,1
P0012,E01,9,0.4444444444444444,0.2222222222222222,0.7298502583705538,1
P0205,E17,15,0.0,0.06666666666666667,0.2198752123080492,0
P0062,E14,11,0.09090909090909091,0.0,0.17992331344068518,0
P0133,E04,9,0.0,0.1111111111111111,0.13990523352737147,0
P0180,E16,9,0.0,0.0,0.06993641899120301,0
P0165,E01,12,0.0,0.0,0.05994072006487843,0
P0054,E10,10,0.0,0.0,0.05994072006487843,0
P0143,E06,12,0.0,0.0,0.04995619994103941,0
P0145,E08,5,0.0,0.4,0.04993534845713661,0
P0178,E01,12,0.0,0.0,0.02998452012383901,0
P0201,E16,7,0.0,0.0,0.029947399168825505,0
P0026,E00,8,0.0,0.0,0.029947399168825505,0
P0025,E01,3,0.3333333333333333,0.3333333333333333,0.02,0
P0098,E11,8,0.0,0.0,0.01,0
P0073,E13,4,0.5,0.0,0.01,0
P0213,E05,4,0.5,0.25,0.01,0
P0219,E06,5,0.0,0.0,0.01,0
P0051,E09,2,0.0,0.0,0.0,0
P0173,E11,5,0.2,0.2,0.0,0
P0000,E05,2,0.0,0.0,0.0,0
P0061,E12,3,0.0,0.3333333333333333,0.0,0
P0064,E08,2,0.0,0.5,0.0,0
P0094,E00,2,0.0,0.5,0.0,0
P0155,E16,3,0.0,0.0,0.0,0
P0001,E15,4,0.0,0.25,0.0,0
P0065,E07,3,0.0,0.0,0.0,0
P0111,E07,3,0.3333333333333333,0.3333333333333333,0.0,0
P0166,E04,1,0.0,0.0,0.0,0
P0192,E00,3,0.0,0.6666666666666666,0.0,0
P0213,E06,1,0.0,1.0,0.0,0
P0081,E12,1,0.0,0.0,0.0,0
P0155,E05,2,0.0,0.0,0.0,0
P0052,E09,3,0.0,0.3333333333333333,0.0,0
P0079,E00,2,0.0,0.5,0.0,0
P0156,E06,4,0.25,0.25,0.0,0
P0117,E06,2,0.0,0.5,0.0,0
P0058,E11,4,0.0,0.5,0.0,0
P0061,E00,2,0.0,0.5,0.0,0
P0203,E16,1,0.0,1.0,0.0,0
P0202,E07,1,0.0,0.0,0.0,0
P0025,E10,4,0.0,0.5,0.0,0
P0080,E00,1,0.0,1.0,0.0,0
P0099,E10,2,0.0,1.0,0.0,0
P0025,E15,1,0.0,1.0,0.0,0
P0103,E09,2,0.0,0.0,0.0,0
P0186,E08,1,0.0,0.0,0.0,0
P0110,E12,2,0.0,0.0,0.0,0
P0145,E07,1,0.0,1.0,0.0,0
P0088,E03,3,0.0,0.0,0.0,0
P0072,E07,4,0.0,0.25,0.0,0
P0113,E05,1,0.0,0.0,0.0,0
P0129,E17,1,0.0,0.0,0.0,0
P0201,E11,1,0.0,0.0,0.0,0
P0069,E14,1,0.0,1.0,0.0,0
P0024,E08,1,0.0,0.0,0.0,0
P0100,E17,3,0.3333333333333333,0.3333333333333333,0.0,0
P0191,E11,2,0.0,0.0,0.0,0
P0207,E02,3,0.3333333333333333,0.6666666666666666,0.0,0
P0180,E09,3,0.0,0.0,0.0,0
P0065,E02,2,0.0,0.0,0.0,0
P0179,E13,3,0.0,0.6666666666666666,0.0,0
P0133,E03,1,0.0,0.0,0.0,0
P0021,E15,2,0.5,0.0,0.0,0
P0131,E04,3,0.0,0.3333333333333333,0.0,0
P0099,E04,2,0.0,0.5,0.0,0
P0030,E04,2,0.5,0.5,0.0,0
P0034,E10,1,0.0,0.0,0.0,0
P0115,E06,2,0.0,0.0,0.0,0
P0129,E14,2,0.5,0.5,0.0,0
P0060,E12,2,0.0,0.0,0.0,0
P0068,E11,2,0.5,0.5,0.0,0
P0079,E08,2,0.5,0.5,0.0,0
P0063,E05,1,0.0,0.0,0.0,0
P0087,E02,2,0.0,0.5,0.0,0
P0010,E05,1,0.0,0.0,0.0,0
P0040,E01,2,0.0,0.0,0.0,0
P0022,E17,2,0.0,0.0,0.0,0
P0205,E12,1,0.0,0.0,0.0,0
P0023,E13,1,0.0,1.0,0.0,0
P0119,E13,3,0.0,0.6666666666666666,0.0,0
P0141,E05,3,0.0,0.0,0.0,0
P0114,E03,2,0.0,0.0,0.0,0
P0185,E01,2,0.0,0.5,0.0,0
P0055,E06,1,0.0,1.0,0.0,0
P0000,E03,2,0.0,1.0,0.0,0
P0056,E00,3,0.0,0.6666666666666666,0.0,0
P0162,E16,1,0.0,0.0,0.0,0
P0064,E15,1,0.0,0.0,0.0,0
P0181,E07,1,0.0,0.0,0.0,0
P0107,E13,2,0.0,0.5,0.0,0
P0206,E11,1,0.0,0.0,0.0,0
P0199,E04,2,0.0,0.5,0.0,0
P0140,E06,1,0.0,0.0,0.0,0
P0132,E16,1,0.0,0.0,0.0,0
P0074,E14,1,0.0,1.0,0.0,0
P0069,E03,4,0.0,0.75,0.0,0
P0204,E17,2,0.0,0.0,0.0,0
P0041,E13,2,0.0,0.5,0.0,0
P0217,E16,2,0.0,0.0,0.0,0
P0132,E03,3,0.3333333333333333,0.0,0.0,0
P0053,E16,1,0.0,1.0,0.0,0
P0108,E14,2,0.0,0.5,0.0,0
P0007,E11,2,0.5,0.0,0.0,0
P0149,E00,2,0.0,0.0,0.0,0
P0165,E03,3,0.3333333333333333,0.0,0.0,0
P0198,E02,1,1.0,0.0,0.0,0
P0162,E03,1,0.0,0.0,0.0,0
P0065,E08,2,0.0,0.5,0.0,0
P0060,E09,2,0.5,0.5,0.0,0
P0137,E14,1,1.0,0.0,0.0,0
P0143,E02,2,0.0,0.5,0.0,0
P0134,E15,4,0.0,0.5,0.0,0
P0157,E04,3,0.3333333333333333,0.0,0.0,0
P0037,E17,2,0.0,0.5,0.0,0
P0004,E03,2,0.0,0.0,0.0,0
P0214,E09,2,0.0,0.5,0.0,0
P0134,E10,2,0.0,0.5,0.0,0
P0165,E00,3,0.0,0.3333333333333333,0.0,0
P0123,E12,3,0.0,0.3333333333333333,0.0,0
P0149,E15,1,0.0,0.0,0.0,0
P0137,E11,2,0.5,0.5,0.0,0
P0203,E02,2,0.5,0.5,0.0,0
P0087,E08,2,0.0,0.0,0.0,0
P0135,E04,1,0.0,1.0,0.0,0
P0033,E12,2,0.0,0.0,0.0,0
P0057,E17,1,0.0,0.0,0.0,0
P0192,E09,1,1.0,0.0,0.0,0
P0179,E10,1,0.0,0.0,0.0,0
P0112,E14,3,0.0,0.3333333333333333,0.0,0
P0217,E13,1,0.0,0.0,0.0,0
P0032,E07,1,0.0,0.0,0.0,0
P0133,E00,3,0.0,0.3333333333333333,0.0,0
P0001,E02,2,0.0,0.5,0.0,0
P0173,E13,1,0.0,0.0,0.0,0
P0181,E00,1,0.0,1.0,0.0,0
P0093,E15,1,0.0,0.0,0.0,0
P0042,E12,2,0.0,0.0,0.0,0
P0120,E01,2,0.5,0.5,0.0,0
P0134,E07,3,0.0,0.0,0.0,0
P0074,E17,2,0.0,0.0,0.0,0
P0145,E16,2,0.0,0.0,0.0,0
P0180,E05,1,0.0,1.0,0.0,0
P0066,E05,1,0.0,1.0,0.0,0
P0098,E02,2,0.0,0.0,0.0,0
P0047,E11,3,0.0,0.0,0.0,0
P0088,E04,2,0.0,0.0,0.0,0
P0063,E06,1,0.0,0.0,0.0,0
P0020,E17,2,0.0,0.0,0.0,0
P0025,E09,1,0.0,0.0,0.0,0
P0181,E05,1,0.0,1.0,0.0,0
P0111,E03,2,0.0,1.0,0.0,0
P0023,E01,1,0.0,1.0,0.0,0
P0190,E11,1,0.0,0.0,0.0,0
P0127,E03,1,0.0,0.0,0.0,0
P0138,E05,1,0.0,1.0,0.0,0
P0209,E06,3,0.3333333333333333,0.3333333333333333,0.0,0
P0183,E15,3,0.0,0.3333333333333333,0.0,0
P0163,E05,2,0.0,0.0,0.0,0
P0190,E01,1,0.0,1.0,0.0,0
P0184,E00,4,0.0,0.25,0.0,0
P0005,E11,2,0.0,0.0,0.0,0
P0212,E10,4,0.0,0.75,0.0,0
P0210,E16,1,1.0,0.0,0.0,0
P0053,E07,1,0.0,0.0,0.0,0
P0192,E06,2,0.0,0.0,0.0,0
P0057,E04,1,0.0,0.0,0.0,0
P0173,E06,1,0.0,0.0,0.0,0
P0059,E05,2,0.0,0.0,0.0,0
P0052,E17,6,0.0,0.16666666666666666,0.0,0
P0193,E17,1,0.0,1.0,0.0,0
P0082,E09,1,0.0,1.0,0.0,0
P0084,E17,2,0.0,0.5,0.0,0
P0130,E01,1,0.0,1.0,0.0,0
P0186,E10,3,0.0,0.3333333333333333,0.0,0
P0199,E06,1,1.0,0.0,0.0,0
P0142,E07,1,0.0,0.0,0.0,0
P0051,E11,1,0.0,0.0,0.0,0
P0209,E04,2,0.0,0.0,0.0,0
P0140,E02,1,0.0,0.0,0.0,0
P0130,E11,2,0.5,0.0,0.0,0
P0190,E07,2,0.0,0.0,0.0,0
P0122,E11,1,0.0,1.0,0.0,0
P0102,E00,1,0.0,1.0,0.0,0
P0025,E16,1,1.0,0.0,0.0,0
P0176,E04,1,0.0,1.0,0.0,0
P0206,E15,1,0.0,0.0,0.0,0
P0033,E06,2,0.0,0.0,0.0,0
P0127,E11,5,0.0,0.4,0.0,0
P0079,E16,1,0.0,1.0,0.0,0
P0151,E08,1,1.0,0.0,0.0,0
P0090,E03,2,0.0,0.5,0.0,0
P0210,E11,2,0.0,0.0,0.0,0
P0090,E01,1,0.0,0.0,0.0,0
P0030,E07,1,0.0,0.0,0.0,0
P0219,E04,1,0.0,0.0,0.0,0
P0127,E09,2,0.0,0.0,0.0,0
P0133,E14,1,1.0,0.0,0.0,0
P0028,E00,2,0.0,0.0,0.0,0
P0211,E03,1,0.0,1.0,0.0,0
P0165,E06,1,0.0,0.0,0.0,0
P0188,E03,1,0.0,0.0,0.0,0
P0051,E01,1,0.0,1.0,0.0,0
P0191,E12,1,0.0,1.0,0.0,0
P0102,E04,1,0.0,1.0,0.0,0
P0113,E15,1,0.0,0.0,0.0,0
P0148,E06,1,1.0,0.0,0.0,0
P0023,E14,2,0.0,0.5,0.0,0
P0205,E00,1,0.0,1.0,0.0,0
P0078,E04,1,0.0,0.0,0.0,0
P0046,E15,1,0.0,0.0,0.0,0
P0047,E03,1,0.0,0.0,0.0,0
P0108,E00,1,0.0,0.0,0.0,0
P0096,E06,2,0.0,0.5,0.0,0
P0086,E00,1,1.0,0.0,0.0,0
P0031,E11,1,0.0,0.0,0.0,0
P0079,E13,3,0.0,0.3333333333333333,0.0,0
P0215,E13,1,0.0,0.0,0.0,0
P0208,E02,1,0.0,0.0,0.0,0
P0079,E12,2,0.0,0.5,0.0,0
P0148,E15,2,0.0,0.0,0.0,0
P0012,E08,1,0.0,1.0,0.0,0
P0132,E09,1,0.0,1.0,0.0,0
P0008,E17,3,0.0,0.3333333333333333,0.0,0
P0207,E07,3,0.0,0.0,0.0,0
P0003,E11,1,0.0,0.0,0.0,0
P0123,E10,2,0.0,0.5,0.0,0
P0136,E01,1,0.0,0.0,0.0,0
P0080,E04,2,0.0,0.5,0.0,0
P0141,E10,1,0.0,1.0,0.0,0
P0104,E06,3,0.0,0.3333333333333333,0.0,0
P0051,E04,1,0.0,0.0,0.0,0
P0004,E07,1,0.0,1.0,0.0,0
P0206,E00,1,0.0,0.0,0.0,0
P0157,E16,1,0.0,0.0,0.0,0
P0071,E05,1,0.0,0.0,0.0,0
P0187,E03,1,0.0,0.0,0.0,0
P0045,E16,1,0.0,0.0,0.0,0
P0143,E15,1,0.0,0.0,0.0,0
P0170,E12,1,0.0,1.0,0.0,0
P0115,E03,2,0.0,0.5,0.0,0
P0182,E08,1,0.0,0.0,0.0,0
P0070,E07,1,0.0,0.0,0.0,0
P0219,E16,2,0.0,0.5,0.0,0
P0105,E12,1,0.0,1.0,0.0,0
P0075,E10,2,0.0,1.0,0.0,0
P0094,E12,3,0.6666666666666666,0.0,0.0,0
P0125,E08,2,0.0,0.5,0.0,0
P0087,E09,3,0.0,1.0,0.0,0
P0081,E14,1,0.0,0.0,0.0,0
P0075,E08,1,0.0,0.0,0.0,0
P0022,E08,2,0.5,0.5,0.0,0
P0014,E10,2,0.0,0.0,0.0,0
P0101,E08,1,1.0,0.0,0.0,0
P0159,E14,2,0.0,0.5,0.0,0
P0076,E17,1,0.0,0.0,0.0,0
P0027,E17,1,0.0,1.0,0.0,0
P0171,E05,2,0.0,0.0,0.0,0
P0131,E14,2,0.5,0.0,0.0,0
P0033,E03,1,0.0,0.0,0.0,0
P0218,E12,1,0.0,0.0,0.0,0
P0070,E16,1,0.0,0.0,0.0,0
P0201,E09,1,0.0,0.0,0.0,0
P0062,E01,2,0.0,0.0,0.0,0
P0057,E06,1,0.0,1.0,0.0,0
P0077,E13,1,0.0,0.0,0.0,0
P0188,E05,2,0.5,0.0,0.0,0
P0024,E10,3,0.0,0.0,0.0,0
P0121,E16,1,0.0,0.0,0.0,0
P0143,E08,1,0.0,1.0,0.0,0
P0191,E14,2,0.5,0.5,0.0,0
P0007,E08,2,0.0,0.5,0.0,0
P0166,E14,1,0.0,0.0,0.0,0
P0180,E11,1,0.0,0.0,0.0,0
P0147,E13,2,0.0,1.0,0.0,0
P0046,E00,1,0.0,0.0,0.0,0
P0169,E03,1,0.0,0.0,0.0,0
P0191,E16,1,0.0,1.0,0.0,0
P0042,E08,1,0.0,0.0,0.0,0
P0101,E13,1,0.0,0.0,0.0,0
P0015,E16,2,0.0,1.0,0.0,0
P0144,E08,2,0.0,0.5,0.0,0
P0032,E16,1,0.0,0.0,0.0,0
P0014,E09,1,0.0,0.0,0.0,0
P0125,E12,1,0.0,0.0,0.0,0
P0058,E15,1,0.0,1.0,0.0,0
P0041,E17,2,0.5,0.5,0.0,0
P0015,E10,3,0.3333333333333333,0.0,0.0,0
P0033,E01,1,1.0,0.0,0.0,0
P0195,E09,3,0.0,0.3333333333333333,0.0,0
P0105,E16,2,0.0,0.0,0.0,0
P0154,E04,1,0.0,1.0,0.0,0
P0216,E06,1,0.0,0.0,0.0,0
P0175,E12,1,0.0,0.0,0.0,0
P0032,E06,1,0.0,0.0,0.0,0
P0217,E07,2,0.0,0.0,0.0,0
P0016,E01,2,0.0,0.5,0.0,0
P0141,E06,2,0.5,0.0,0.0,0
P0116,E06,1,0.0,1.0,0.0,0
P0214,E00,1,0.0,0.0,0.0,0
P0087,E05,1,0.0,1.0,0.0,0
P0125,E01,2,0.0,0.0,0.0,0
P0104,E15,1,0.0,0.0,0.0,0
P0076,E01,1,0.0,0.0,0.0,0
P0037,E12,1,0.0,1.0,0.0,0
P0032,E12,1,0.0,0.0,0.0,0
P0156,E01,2,0.0,0.0,0.0,0
P0196,E02,1,1.0,0.0,0.0,0
P0018,E01,1,0.0,0.0,0.0,0
P0084,E09,3,0.3333333333333333,0.3333333333333333,0.0,0
P0211,E13,2,0.0,0.5,0.0,0
P0000,E00,3,0.0,0.3333333333333333,0.0,0
P0005,E15,1,0.0,1.0,0.0,0
P0045,E07,1,0.0,0.0,0.0,0
P0042,E01,2,0.0,0.0,0.0,0
P0146,E16,1,0.0,0.0,0.0,0
P0215,E09,1,0.0,1.0,0.0,0
P0086,E10,3,0.0,0.6666666666666666,0.0,0
P0211,E09,1,0.0,1.0,0.0,0
P0003,E12,1,1.0,0.0,0.0,0
P0058,E02,1,0.0,0.0,0.0,0
P0077,E01,3,0.0,0.0,0.0,0
P0206,E12,2,0.0,0.0,0.0,0
P0197,E09,2,0.0,1.0,0.0,0
P0147,E04,1,0.0,0.0,0.0,0
P0151,E02,1,0.0,0.0,0.0,0
P0063,E04,1,0.0,0.0,0.0,0
P0168,E01,2,0.0,1.0,0.0,0
P0197,E05,1,0.0,0.0,0.0,0
P0097,E10,1,0.0,0.0,0.0,0
P0091,E07,1,0.0,1.0,0.0,0
P0090,E08,1,0.0,0.0,0.0,0
P0129,E00,2,0.0,0.5,0.0,0
P0143,E05,1,0.0,0.0,0.0,0
P0061,E04,1,0.0,0.0,0.0,0
P0005,E13,1,0.0,1.0,0.0,0
P0166,E11,2,0.0,0.5,0.0,0
P0194,E09,2,0.0,0.5,0.0,0
P0056,E01,1,0.0,1.0,0.0,0
P0181,E13,1,0.0,1.0,0.0,0
P0208,E01,2,0.0,1.0,0.0,0
P0122,E02,1,0.0,0.0,0.0,0
P0137,E09,1,0.0,0.0,0.0,0
P0070,E02,1,0.0,0.0,0.0,0
P0215,E12,2,0.5,0.0,0.0,0
P0137,E15,1,0.0,1.0,0.0,0
P0125,E03,1,0.0,1.0,0.0,0
P0092,E06,2,0.0,0.0,0.0,0
P0198,E10,1,0.0,0.0,0.0,0
P0081,E10,1,0.0,1.0,0.0,0
P0062,E07,1,0.0,0.0,0.0,0
P0161,E13,1,0.0,0.0,0.0,0
P0215,E07,1,0.0,0.0,0.0,0
P0077,E00,1,0.0,0.0,0.0,0
P0020,E10,1,0.0,0.0,0.0,0
P0033,E10,1,0.0,0.0,0.0,0
P0185,E05,1,0.0,0.0,0.0,0
P0001,E16,1,0.0,1.0,0.0,0
P0039,E07,2,0.5,0.0,0.0,0
P0209,E15,2,0.0,0.0,0.0,0
P0158,E11,1,0.0,1.0,0.0,0
P0160,E02,1,0.0,0.0,0.0,0
P0209,E00,1,0.0,0.0,0.0,0
P0000,E01,1,0.0,0.0,0.0,0
P0130,E12,1,0.0,0.0,0.0,0
P0009,E02,1,1.0,0.0,0.0,0
P0139,E01,1,0.0,0.0,0.0,0
P0035,E14,2,0.0,0.5,0.0,0
P0117,E12,1,0.0,0.0,0.0,0
P0177,E04,1,0.0,0.0,0.0,0
P0161,E10,1,0.0,0.0,0.0,0
P0049,E08,1,0.0,0.0,0.0,0
P0036,E10,1,1.0,0.0,0.0,0
P0090,E00,1,0.0,0.0,0.0,0
P0131,E11,1,0.0,0.0,0.0,0
P0055,E08,1,0.0,0.0,0.0,0
P0029,E16,1,0.0,1.0,0.0,0
P0168,E09,1,0.0,1.0,0.0,0
P0193,E04,1,0.0,0.0,0.0,0
P0007,E07,1,0.0,0.0,0.0,0
P0030,E08,1,1.0,0.0,0.0,0
P0093,E11,1,0.0,0.0,0.0,0
P0035,E17,3,0.0,0.6666666666666666,0.0,0
P0012,E07,1,0.0,0.0,0.0,0
P0028,E08,1,0.0,1.0,0.0,0
P0209,E16,1,0.0,0.0,0.0,0
P0052,E04,1,0.0,0.0,0.0,0
P0037,E01,1,0.0,0.0,0.0,0
P0122,E03,2,0.0,0.5,0.0,0
P0131,E07,1,0.0,1.0,0.0,0
P0125,E04,2,0.0,0.0,0.0,0
P0149,E06,3,0.0,0.6666666666666666,0.0,0
P0011,E07,1,0.0,0.0,0.0,0
P0152,E08,2,0.0,0.0,0.0,0
P0129,E09,1,1.0,0.0,0.0,0
P0097,E17,1,0.0,1.0,0.0,0
P0070,E13,1,0.0,0.0,0.0,0
P0107,E17,1,0.0,0.0,0.0,0
P0209,E10,2,0.0,0.0,0.0,0
P0050,E11,1,0.0,0.0,0.0,0
P0169,E00,1,1.0,0.0,0.0,0
P0128,E08,1,0.0,0.0,0.0,0
P0091,E03,1,0.0,0.0,0.0,0
P0080,E07,1,0.0,0.0,0.0,0
P0082,E10,1,0.0,0.0,0.0,0
P0023,E17,3,0.0,0.0,0.0,0
P0172,E01,2,0.0,0.0,0.0,0
P0060,E04,1,0.0,0.0,0.0,0
P0214,E04,2,0.0,0.5,0.0,0
P0091,E10,3,0.3333333333333333,0.3333333333333333,0.0,0
P0074,E07,2,0.0,1.0,0.0,0
P0040,E15,2,0.0,0.0,0.0,0
P0165,E12,1,0.0,0.0,0.0,0
P0054,E12,1,0.0,0.0,0.0,0
P0201,E01,2,0.5,0.0,0.0,0
P0145,E06,2,0.0,1.0,0.0,0
P0119,E11,1,0.0,0.0,0.0,0
P0196,E13,3,0.0,0.3333333333333333,0.0,0
P0035,E10,3,0.0,0.0,0.0,0
P0131,E06,2,0.0,0.0,0.0,0
P0111,E10,2,0.5,0.5,0.0,0
P0071,E08,1,0.0,0.0,0.0,0
P0174,E12,2,1.0,0.0,0.0,0
P0179,E07,1,1.0,0.0,0.0,0
P0104,E05,1,0.0,1.0,0.0,0
P0180,E03,1,0.0,0.0,0.0,0
P0079,E14,2,0.5,0.0,0.0,0
P0134,E17,1,0.0,0.0,0.0,0
P0150,E09,1,0.0,0.0,0.0,0
P0020,E08,2,0.5,0.0,0.0,0
P0047,E12,2,0.5,0.0,0.0,0
P0147,E01,2,0.0,0.0,0.0,0
P0196,E06,2,0.0,0.0,0.0,0
P0109,E12,1,0.0,0.0,0.0,0
P0120,E04,1,0.0,0.0,0.0,0
P0098,E08,1,0.0,0.0,0.0,0
P0016,E17,1,0.0,0.0,0.0,0
P0054,E16,1,0.0,0.0,0.0,0
P0205,E05,1,0.0,1.0,0.0,0
P0131,E17,1,0.0,0.0,0.0,0
P0149,E05,1,0.0,1.0,0.0,0
P0148,E17,2,0.0,0.5,0.0,0
P0176,E14,1,0.0,0.0,0.0,0
P0066,E15,2,0.0,0.5,0.0,0
P0149,E10,2,0.0,1.0,0.0,0
P0146,E13,1,0.0,0.0,0.0,0
P0085,E02,1,0.0,0.0,0.0,0
P0117,E00,1,0.0,0.0,0.0,0
P0004,E13,2,0.0,0.5,0.0,0
P0171,E09,1,0.0,0.0,0.0,0
P0156,E17,1,0.0,0.0,0.0,0
P0188,E09,1,0.0,0.0,0.0,0
P0040,E17,2,0.0,0.5,0.0,0
P0141,E15,1,1.0,0.0,0.0,0
P0096,E17,3,0.0,0.0,0.0,0
P0116,E02,1,0.0,1.0,0.0,0
P0012,E13,1,0.0,0.0,0.0,0
P0004,E10,1,0.0,0.0,0.0,0
P0130,E09,1,0.0,1.0,0.0,0
P0055,E17,1,0.0,0.0,0.0,0
P0118,E13,3,0.0,0.3333333333333333,0.0,0
P0204,E11,1,0.0,0.0,0.0,0
P0152,E02,2,0.0,0.0,0.0,0
P0085,E17,1,0.0,0.0,0.0,0
P0179,E09,1,0.0,0.0,0.0,0
P0056,E15,1,0.0,1.0,0.0,0
P0079,E10,2,0.0,0.0,0.0,0
P0001,E07,1,0.0,1.0,0.0,0
P0150,E06,2,0.0,0.0,0.0,0
P0030,E02,1,0.0,0.0,0.0,0
P0207,E06,2,0.0,0.0,0.0,0
P0211,E04,1,0.0,0.0,0.0,0
P0078,E08,1,0.0,1.0,0.0,0
P0207,E08,2,0.5,0.0,0.0,0
P0180,E06,1,0.0,0.0,0.0,0
P0219,E00,3,0.0,0.6666666666666666,0.0,0
P0188,E02,1,0.0,1.0,0.0,0
P0022,E02,1,1.0,0.0,0.0,0
P0116,E14,2,0.5,0.5,0.0,0
P0129,E05,1,0.0,0.0,0.0,0
P0053,E00,2,0.0,0.5,0.0,0
P0146,E01,1,0.0,1.0,0.0,0
P0126,E09,1,0.0,1.0,0.0,0
P0028,E05,1,0.0,1.0,0.0,0
P0038,E09,1,0.0,1.0,0.0,0
P0099,E17,1,0.0,0.0,0.0,0
P0179,E16,1,0.0,1.0,0.0,0
P0030,E11,1,0.0,0.0,0.0,0
P0066,E16,1,0.0,0.0,0.0,0
P0077,E09,1,0.0,0.0,0.0,0
P0066,E14,2,0.0,1.0,0.0,0
P0140,E09,1,1.0,0.0,0.0,0
P0187,E11,1,0.0,1.0,0.0,0
P0195,E05,1,0.0,0.0,0.0,0
P0069,E17,2,0.0,0.0,0.0,0
P0201,E13,1,1.0,0.0,0.0,0
P0002,E08,1,0.0,1.0,0.0,0
P0201,E03,2,0.0,0.5,0.0,0
P0045,E09,1,0.0,0.0,0.0,0
P0196,E10,1,0.0,0.0,0.0,0
P0166,E07,1,0.0,1.0,0.0,0
P0070,E17,1,0.0,0.0,0.0,0
P0063,E07,1,0.0,0.0,0.0,0
P0178,E09,1,0.0,1.0,0.0,0
P0202,E10,1,0.0,0.0,0.0,0
P0148,E12,1,0.0,0.0,0.0,0
P0118,E07,1,0.0,0.0,0.0,0
P0070,E11,1,0.0,0.0,0.0,0
P0195,E08,1,0.0,0.0,0.0,0
P0215,E03,1,0.0,1.0,0.0,0
P0111,E00,1,0.0,0.0,0.0,0
P0046,E06,1,0.0,0.0,0.0,0
P0065,E10,2,0.0,1.0,0.0,0
P0204,E03,3,0.3333333333333333,0.0,0.0,0
P0168,E08,1,0.0,0.0,0.0,0
P0059,E07,1,0.0,1.0,0.0,0
P0219,E08,1,0.0,1.0,0.0,0
P0170,E02,1,0.0,0.0,0.0,0
P0176,E09,2,0.0,0.5,0.0,0
P0218,E09,1,0.0,0.0,0.0,0
P0040,E02,1,0.0,0.0,0.0,0
P0132,E04,1,0.0,0.0,0.0,0
P0058,E17,1,0.0,0.0,0.0,0
P0006,E07,1,0.0,0.0,0.0,0
P0214,E17,1,1.0,0.0,0.0,0
P0160,E01,2,0.0,0.0,0.0,0
P0180,E07,1,0.0,0.0,0.0,0
P0090,E15,1,0.0,1.0,0.0,0
P0094,E17,2,0.0,0.5,0.0,0
P0167,E00,1,0.0,1.0,0.0,0
P0096,E15,2,0.0,1.0,0.0,0
P0107,E00,1,0.0,0.0,0.0,0
P0211,E10,1,0.0,1.0,0.0,0
P0185,E07,1,0.0,0.0,0.0,0
P0039,E10,1,0.0,0.0,0.0,0
P0050,E00,1,0.0,0.0,0.0,0
P0074,E01,1,0.0,0.0,0.0,0
P0163,E09,1,0.0,1.0,0.0,0
P0179,E06,1,0.0,0.0,0.0,0
P0199,E12,1,0.0,0.0,0.0,0
P0181,E16,1,0.0,0.0,0.0,0
P0161,E00,1,0.0,1.0,0.0,0
P0059,E10,1,0.0,1.0,0.0,0
P0119,E07,1,0.0,0.0,0.0,0
P0150,E08,1,0.0,0.0,0.0,0
P0010,E13,1,1.0,0.0,0.0,0
P0192,E05,1,0.0,0.0,0.0,0
P0160,E17,1,0.0,0.0,0.0,0
P0145,E05,1,0.0,0.0,0.0,0
P0082,E01,2,0.0,0.5,0.0,0
P0088,E06,1,0.0,1.0,0.0,0
P0194,E02,2,0.0,0.0,0.0,0
P0172,E07,2,0.0,0.5,0.0,0
P0077,E02,1,0.0,0.0,0.0,0
P0175,E14,1,1.0,0.0,0.0,0
P0128,E04,1,0.0,1.0,0.0,0
P0150,E16,1,0.0,0.0,0.0,0
P0028,E14,1,0.0,1.0,0.0,0
P0182,E11,1,0.0,0.0,0.0,0
P0049,E05,1,0.0,0.0,0.0,0
P0091,E01,1,0.0,1.0,0.0,0
P0044,E02,1,0.0,0.0,0.0,0
P0088,E01,2,0.5,0.0,0.0,0
P0004,E01,3,0.0,0.0,0.0,0
P0124,E16,1,0.0,0.0,0.0,0
P0153,E15,1,1.0,0.0,0.0,0
P0013,E05,2,0.0,0.0,0.0,0
P0164,E13,1,0.0,0.0,0.0,0
P0151,E07,1,0.0,1.0,0.0,0
P0070,E15,1,0.0,0.0,0.0,0
P0136,E10,1,1.0,0.0,0.0,0
P0033,E00,1,0.0,0.0,0.0,0
P0202,E17,1,0.0,0.0,0.0,0
P0194,E08,1,0.0,1.0,0.0,0
P0046,E12,1,0.0,0.0,0.0,0
P0065,E13,1,0.0,0.0,0.0,0
P0167,E01,1,0.0,0.0,0.0,0
P0142,E02,1,0.0,0.0,0.0,0
P0042,E14,1,0.0,1.0,0.0,0
P0006,E04,2,0.0,0.5,0.0,0
P0164,E00,1,0.0,0.0,0.0,0
P0172,E15,4,0.25,0.25,0.0,0
P0076,E10,1,0.0,0.0,0.0,0
P0208,E00,1,0.0,1.0,0.0,0
P0073,E02,2,0.0,0.0,0.0,0
P0042,E02,2,0.0,0.0,0.0,0
P0094,E13,1,0.0,0.0,0.0,0
P0035,E16,1,0.0,1.0,0.0,0
P0084,E03,1,0.0,1.0,0.0,0
P0144,E03,2,0.0,0.0,0.0,0
P0124,E00,1,0.0,1.0,0.0,0
P0111,E15,2,0.0,0.5,0.0,0
P0111,E01,1,0.0,1.0,0.0,0
P0074,E13,1,1.0,0.0,0.0,0
P0121,E03,1,0.0,1.0,0.0,0
P0100,E15,1,0.0,1.0,0.0,0
P0022,E11,1,1.0,0.0,0.0,0
P0193,E16,1,0.0,0.0,0.0,0
P0171,E03,1,0.0,1.0,0.0,0
P0109,E02,2,0.0,0.5,0.0,0
P0083,E10,2,0.5,0.0,0.0,0
P0075,E04,1,0.0,1.0,0.0,0
P0216,E13,1,0.0,0.0,0.0,0
P0019,E03,1,0.0,1.0,0.0,0
P0025,E00,1,0.0,0.0,0.0,0
P0082,E04,3,0.0,0.3333333333333333,0.0,0
P0117,E11,2,0.0,0.5,0.0,0
P0113,E10,1,0.0,0.0,0.0,0
P0133,E06,1,0.0,0.0,0.0,0
P0212,E15,2,0.0,0.0,0.0,0
P0150,E10,1,0.0,0.0,0.0,0
P0097,E01,1,1.0,0.0,0.0,0
P0124,E14,1,1.0,0.0,0.0,0
P0155,E00,1,0.0,1.0,0.0,0
P0214,E02,1,0.0,0.0,0.0,0
P0018,E10,2,0.0,0.0,0.0,0
P0051,E12,1,0.0,0.0,0.0,0
P0178,E02,1,0.0,1.0,0.0,0
P0057,E16,1,0.0,0.0,0.0,0
P0075,E05,1,1.0,0.0,0.0,0
P0044,E16,2,0.0,0.0,0.0,0
P0203,E01,2,0.0,0.5,0.0,0
P0063,E09,1,0.0,0.0,0.0,0
P0083,E17,1,0.0,0.0,0.0,0
P0045,E11,1,0.0,0.0,0.0,0
P0139,E17,3,0.0,0.3333333333333333,0.0,0
P0099,E13,2,0.0,0.5,0.0,0
P0176,E07,3,0.0,1.0,0.0,0
P0045,E01,1,0.0,0.0,0.0,0
P0033,E05,3,0.0,0.3333333333333333,0.0,0
P0022,E12,1,1.0,0.0,0.0,0
P0066,E03,2,0.0,0.0,0.0,0
P0144,E05,2,0.0,1.0,0.0,0
P0054,E05,2,0.0,0.0,0.0,0
P0046,E03,1,1.0,0.0,0.0,0
P0190,E02,1,0.0,0.0,0.0,0
P0088,E07,3,0.0,0.3333333333333333,0.0,0
P0019,E13,7,0.0,0.0,0.0,0
P0007,E01,1,0.0,0.0,0.0,0
P0094,E07,3,0.3333333333333333,0.0,0.0,0
P0204,E05,5,0.0,0.0,0.0,0
P0096,E09,3,0.0,0.3333333333333333,0.0,0
P0196,E08,2,0.5,0.0,0.0,0
P0066,E11,2,0.5,0.5,0.0,0
P0143,E10,1,0.0,1.0,0.0,0
P0020,E03,4,0.25,0.25,0.0,0
P0122,E00,1,0.0,0.0,0.0,0
P0017,E05,4,0.25,0.25,0.0,0
P0074,E16,2,0.5,0.0,0.0,0
P0103,E01,1,0.0,0.0,0.0,0
P0115,E08,1,1.0,0.0,0.0,0
P0064,E09,2,0.0,0.0,0.0,0
P0032,E13,2,0.0,0.0,0.0,0
P0072,E11,1,0.0,0.0,0.0,0
P0040,E07,2,0.0,0.0,0.0,0
P0185,E17,1,0.0,0.0,0.0,0
P0197,E01,2,0.0,0.0,0.0,0
P0025,E08,2,0.0,0.0,0.0,0
P0175,E00,1,0.0,0.0,0.0,0
P0092,E01,4,0.25,0.5,0.0,0
P0121,E07,2,0.0,0.5,0.0,0
P0013,E01,1,0.0,0.0,0.0,0
P0093,E16,2,0.0,0.0,0.0,0
P0213,E01,4,0.0,0.25,0.0,0
P0038,E07,1,0.0,0.0,0.0,0
P0073,E16,1,0.0,0.0,0.0,0
P0062,E13,1,1.0,0.0,0.0,0
P0084,E11,1,1.0,0.0,0.0,0
P0097,E02,1,0.0,0.0,0.0,0
P0010,E09,1,0.0,1.0,0.0,0
P0044,E08,2,0.0,0.5,0.0,0
P0214,E11,2,0.5,0.0,0.0,0
P0050,E10,2,0.0,0.0,0.0,0
P0031,E07,2,0.0,0.0,0.0,0
P0173,E12,1,0.0,0.0,0.0,0
P0170,E16,1,0.0,1.0,0.0,0
P0075,E13,2,0.0,1.0,0.0,0
P0093,E02,2,0.0,0.5,0.0,0
P0090,E13,3,0.0,0.6666666666666666,0.0,0
P0126,E14,1,0.0,0.0,0.0,0
P0152,E04,2,0.0,1.0,0.0,0
P0123,E00,2,0.0,0.5,0.0,0
P0078,E02,3,0.3333333333333333,0.3333333333333333,0.0,0
P0000,E07,2,0.0,0.0,0.0,0
P0184,E11,3,0.0,0.0,0.0,0
P0088,E05,1,0.0,0.0,0.0,0
P0162,E10,1,0.0,0.0,0.0,0
P0060,E06,3,0.0,0.0,0.0,0
P0124,E05,3,0.3333333333333333,0.0,0.0,0
P0053,E06,3,0.0,0.6666666666666666,0.0,0
P0137,E17,1,0.0,1.0,0.0,0
P0132,E10,3,0.0,0.0,0.0,0
P0185,E16,1,1.0,0.0,0.0,0
P0055,E15,1,0.0,1.0,0.0,0
P0219,E17,1,0.0,0.0,0.0,0
P0017,E15,3,0.0,0.3333333333333333,0.0,0
P0071,E16,1,0.0,1.0,0.0,0
P0055,E05,1,0.0,1.0,0.0,0
P0161,E11,3,0.0,0.0,0.0,0
P0167,E08,1,0.0,0.0,0.0,0
P0165,E11,1,0.0,0.0,0.0,0
P0211,E06,2,0.0,0.0,0.0,0
P0166,E16,3,0.0,0.3333333333333333,0.0,0
P0071,E01,1,0.0,0.0,0.0,0
P0158,E15,1,0.0,0.0,0.0,0
P0167,E17,3,0.6666666666666666,0.0,0.0,0
P0044,E15,1,0.0,1.0,0.0,0
P0208,E12,2,0.0,0.5,0.0,0
P0114,E17,1,0.0,1.0,0.0,0
P0063,E02,2,0.0,0.0,0.0,0
P0166,E05,1,0.0,0.0,0.0,0
P0116,E17,1,0.0,0.0,0.0,0
P0093,E17,3,0.0,0.0,0.0,0
P0016,E16,1,0.0,0.0,0.0,0
P0166,E01,1,0.0,0.0,0.0,0
P0032,E10,2,0.0,0.0,0.0,0
P0105,E10,1,0.0,0.0,0.0,0
P0111,E06,3,0.0,0.0,0.0,0
P0154,E02,3,0.0,0.0,0.0,0
P0197,E13,1,0.0,0.0,0.0,0
P0176,E08,1,1.0,0.0,0.0,0
P0034,E01,2,0.0,0.5,0.0,0
P0198,E05,1,0.0,0.0,0.0,0
P0016,E04,2,0.0,0.0,0.0,0
P0153,E13,1,0.0,1.0,0.0,0
P0145,E14,1,0.0,1.0,0.0,0
P0043,E12,3,0.0,0.6666666666666666,0.0,0
P0177,E15,1,0.0,0.0,0.0,0
P0198,E12,1,1.0,0.0,0.0,0
P0091,E09,1,0.0,0.0,0.0,0
P0113,E04,1,0.0,0.0,0.0,0
P0083,E13,1,1.0,0.0,0.0,0
P0180,E14,3,0.0,0.3333333333333333,0.0,0
P0156,E04,2,0.0,0.5,0.0,0
P0158,E16,1,1.0,0.0,0.0,0
P0104,E17,1,0.0,0.0,0.0,0
P0095,E12,1,0.0,1.0,0.0,0
P0058,E09,2,0.0,1.0,0.0,0
P0150,E17,1,0.0,0.0,0.0,0
P0135,E12,1,0.0,0.0,0.0,0
P0171,E01,2,0.0,0.0,0.0,0
P0008,E03,2,0.0,0.0,0.0,0
P0201,E17,1,0.0,1.0,0.0,0
P0203,E08,2,0.0,0.0,0.0,0
P0164,E01,2,0.0,0.5,0.0,0
P0172,E08,3,0.0,0.6666666666666666,0.0,0
P0201,E10,2,0.5,0.5,0.0,0
P0179,E04,2,1.0,0.0,0.0,0
P0158,E10,1,0.0,1.0,0.0,0
P0152,E05,1,0.0,1.0,0.0,0
P0199,E05,2,0.5,0.5,0.0,0
P0023,E07,1,0.0,0.0,0.0,0
P0154,E01,2,0.5,0.0,0.0,0
P0160,E00,2,0.0,0.5,0.0,0
P0169,E14,1,0.0,1.0,0.0,0
P0076,E04,1,0.0,1.0,0.0,0
P0173,E02,1,0.0,0.0,0.0,0
P0034,E11,2,0.0,0.5,0.0,0
P0005,E04,1,0.0,0.0,0.0,0
P0089,E06,2,0.0,1.0,0.0,0
P0121,E08,1,0.0,0.0,0.0,0
P0019,E06,2,0.5,0.0,0.0,0
P0091,E16,2,0.0,1.0,0.0,0
P0092,E08,1,0.0,1.0,0.0,0
P0165,E16,1,1.0,0.0,0.0,0
P0131,E05,3,0.0,0.0,0.0,0
P0170,E00,3,0.0,0.3333333333333333,0.0,0
P0182,E12,1,0.0,0.0,0.0,0
P0093,E08,1,0.0,0.0,0.0,0
P0067,E15,3,0.6666666666666666,0.0,0.0,0
P0176,E16,2,0.0,0.5,0.0,0
P0146,E09,1,0.0,0.0,0.0,0
P0089,E17,1,1.0,0.0,0.0,0
P0103,E02,1,0.0,0.0,0.0,0
P0134,E00,1,0.0,1.0,0.0,0
P0110,E16,4,0.0,0.25,0.0,0
P0085,E13,1,0.0,0.0,0.0,0
P0166,E15,3,0.3333333333333333,0.3333333333333333,0.0,0
P0064,E12,1,0.0,0.0,0.0,0
P0176,E05,2,0.0,1.0,0.0,0
P0097,E00,1,0.0,0.0,0.0,0
P0035,E03,2,0.0,0.0,0.0,0
P0002,E10,1,0.0,1.0,0.0,0
P0158,E05,1,0.0,1.0,0.0,0
P0021,E13,2,0.0,1.0,0.0,0
P0199,E16,1,0.0,0.0,0.0,0
P0191,E02,1,0.0,1.0,0.0,0
P0091,E17,1,0.0,1.0,0.0,0
P0027,E01,1,1.0,0.0,0.0,0
P0210,E14,1,0.0,0.0,0.0,0
P0065,E12,2,0.0,0.0,0.0,0
P0031,E08,1,0.0,0.0,0.0,0
P0207,E09,1,1.0,0.0,0.0,0
P0039,E08,3,0.0,0.6666666666666666,0.0,0
P0050,E15,3,0.0,0.3333333333333333,0.0,0
P0049,E04,1,1.0,0.0,0.0,0
P0214,E05,2,0.0,0.0,0.0,0
P0187,E12,2,0.0,0.0,0.0,0
P0143,E12,1,0.0,1.0,0.0,0
P0027,E11,1,0.0,0.0,0.0,0
P0082,E13,2,0.0,0.5,0.0,0
P0001,E17,2,0.5,0.0,0.0,0
P0044,E10,2,0.0,0.5,0.0,0
P0187,E09,3,0.6666666666666666,0.0,0.0,0
P0166,E02,1,0.0,0.0,0.0,0
P0027,E03,1,0.0,0.0,0.0,0
P0137,E00,4,0.0,0.0,0.0,0
P0042,E11,1,1.0,0.0,0.0,0
P0040,E12,1,0.0,1.0,0.0,0
P0103,E03,2,0.5,0.0,0.0,0
P0077,E03,4,0.0,0.25,0.0,0
P0092,E12,1,1.0,0.0,0.0,0
P0003,E09,3,0.6666666666666666,0.3333333333333333,0.0,0
P0186,E16,2,0.5,0.5,0.0,0
P0182,E03,2,0.0,0.0,0.0,0
P0153,E04,1,0.0,0.0,0.0,0
P0169,E08,1,0.0,0.0,0.0,0
P0128,E03,1,0.0,0.0,0.0,0
P0044,E06,1,0.0,1.0,0.0,0
P0021,E14,2,0.0,1.0,0.0,0
P0024,E02,3,0.0,0.0,0.0,0
P0009,E01,3,0.0,0.3333333333333333,0.0,0
P0080,E03,2,0.0,0.0,0.0,0
P0202,E11,1,0.0,0.0,0.0,0
P0070,E14,1,1.0,0.0,0.0,0
P0006,E02,1,0.0,0.0,0.0,0
P0133,E02,1,0.0,1.0,0.0,0
P0214,E07,1,0.0,0.0,0.0,0
P0005,E12,2,0.0,0.0,0.0,0
P0217,E03,2,0.0,0.5,0.0,0
P0069,E09,1,0.0,1.0,0.0,0
P0105,E00,1,1.0,0.0,0.0,0
P0180,E10,1,0.0,0.0,0.0,0
P0127,E17,1,0.0,0.0,0.0,0
P0114,E08,1,0.0,0.0,0.0,0
P0032,E17,3,0.0,0.3333333333333333,0.0,0
P0172,E16,2,0.0,0.0,0.0,0
P0076,E09,1,1.0,0.0,0.0,0
P0084,E14,1,0.0,1.0,0.0,0
P0150,E07,1,0.0,0.0,0.0,0
P0123,E04,2,0.0,0.5,0.0,0
P0024,E16,2,0.5,0.5,0.0,0
P0005,E17,3,0.3333333333333333,0.3333333333333333,0.0,0
P0164,E17,1,0.0,0.0,0.0,0
P0050,E08,3,0.0,0.0,0.0,0
P0113,E09,1,0.0,1.0,0.0,0
P0049,E14,1,0.0,0.0,0.0,0
P0010,E16,1,0.0,0.0,0.0,0
P0079,E11,1,0.0,0.0,0.0,0
P0012,E15,4,0.0,0.0,0.0,0
P0153,E17,1,0.0,1.0,0.0,0
P0098,E10,1,0.0,1.0,0.0,0
P0155,E06,3,0.0,0.3333333333333333,0.0,0
P0182,E04,2,0.0,0.5,0.0,0
P0170,E06,1,0.0,1.0,0.0,0
P0198,E00,1,0.0,1.0,0.0,0
P0118,E15,1,1.0,0.0,0.0,0
P0197,E04,1,0.0,0.0,0.0,0
P0113,E11,3,0.6666666666666666,0.0,0.0,0
P0018,E17,1,0.0,1.0,0.0,0
P0019,E15,2,0.0,0.5,0.0,0
P0183,E03,1,0.0,0.0,0.0,0
P0035,E01,1,0.0,1.0,0.0,0
P0111,E14,3,0.0,0.3333333333333333,0.0,0
P0203,E07,1,1.0,0.0,0.0,0
P0176,E06,1,0.0,0.0,0.0,0
P0146,E12,1,0.0,1.0,0.0,0
P0088,E16,3,0.3333333333333333,0.0,0.0,0
P0202,E08,2,0.0,0.0,0.0,0
P0068,E05,1,0.0,1.0,0.0,0
P0052,E16,1,0.0,0.0,0.0,0
P0177,E13,2,0.0,0.5,0.0,0
P0078,E07,1,0.0,0.0,0.0,0
P0105,E08,1,0.0,1.0,0.0,0
P0101,E04,2,0.0,0.0,0.0,0
P0103,E12,3,0.0,0.6666666666666666,0.0,0
P0215,E11,1,0.0,0.0,0.0,0
P0112,E13,1,0.0,0.0,0.0,0
P0115,E16,2,0.0,0.5,0.0,0
P0076,E05,1,0.0,0.0,0.0,0
P0168,E04,1,0.0,0.0,0.0,0
P0201,E06,2,0.0,0.5,0.0,0
P0066,E07,2,0.0,1.0,0.0,0
P0104,E11,2,0.0,0.0,0.0,0
P0206,E14,1,0.0,1.0,0.0,0
P0037,E04,2,0.0,1.0,0.0,0
P0163,E03,1,0.0,1.0,0.0,0
P0050,E07,1,1.0,0.0,0.0,0
P0043,E06,2,0.5,0.0,0.0,0
P0176,E12,1,0.0,0.0,0.0,0
P0020,E12,1,0.0,0.0,0.0,0
P0194,E17,1,0.0,1.0,0.0,0
P0062,E03,2,0.0,0.0,0.0,0
P0012,E02,1,0.0,1.0,0.0,0
P0193,E06,2,0.5,0.5,0.0,0
P0094,E14,1,0.0,1.0,0.0,0
P0067,E17,1,1.0,0.0,0.0,0
P0087,E11,1,0.0,1.0,0.0,0
P0024,E13,2,0.5,0.5,0.0,0
P0072,E16,2,0.0,0.0,0.0,0
P0203,E04,1,0.0,0.0,0.0,0
P0151,E11,1,0.0,0.0,0.0,0
P0002,E16,1,0.0,1.0,0.0,0
P0124,E01,1,0.0,0.0,0.0,0
P0211,E14,3,0.0,0.6666666666666666,0.0,0
P0108,E13,1,0.0,0.0,0.0,0
P0186,E09,1,0.0,1.0,0.0,0
P0011,E08,2,0.0,0.0,0.0,0
P0204,E02,1,0.0,1.0,0.0,0
P0033,E07,1,0.0,0.0,0.0,0
P0109,E08,1,0.0,0.0,0.0,0
P0167,E10,1,0.0,0.0,0.0,0
P0046,E01,1,0.0,0.0,0.0,0
P0153,E06,2,0.0,0.0,0.0,0
P0205,E14,1,0.0,0.0,0.0,0
P0038,E16,1,0.0,0.0,0.0,0
P0190,E10,1,0.0,0.0,0.0,0
P0085,E06,3,0.0,0.0,0.0,0
P0113,E08,1,0.0,1.0,0.0,0
P0126,E11,1,0.0,0.0,0.0,0
P0129,E06,1,1.0,0.0,0.0,0
P0102,E08,2,0.0,0.0,0.0,0
P0062,E06,2,0.0,0.0,0.0,0
P0218,E02,1,0.0,1.0,0.0,0
P0152,E12,1,0.0,1.0,0.0,0
P0044,E09,1,0.0,0.0,0.0,0
P0119,E04,2,0.0,0.5,0.0,0
P0031,E15,2,0.0,0.0,0.0,0
P0010,E00,1,0.0,1.0,0.0,0
P0133,E12,1,0.0,0.0,0.0,0
P0182,E09,2,0.5,0.0,0.0,0
P0098,E17,1,0.0,0.0,0.0,0
P0127,E04,1,0.0,0.0,0.0,0
P0042,E05,1,0.0,0.0,0.0,0
P0199,E17,2,0.0,0.5,0.0,0
P0096,E01,1,0.0,0.0,0.0,0
P0065,E16,2,0.0,0.5,0.0,0
P0060,E08,2,0.0,0.5,0.0,0
P0156,E03,1,0.0,1.0,0.0,0
P0166,E06,1,0.0,1.0,0.0,0
P0177,E16,1,0.0,0.0,0.0,0
P0170,E03,2,0.0,0.0,0.0,0
P0059,E02,3,0.0,1.0,0.0,0
P0069,E16,1,1.0,0.0,0.0,0
P0201,E08,1,0.0,0.0,0.0,0
P0166,E13,1,0.0,0.0,0.0,0
P0195,E06,1,0.0,1.0,0.0,0
P0210,E00,1,0.0,0.0,0.0,0
P0191,E09,1,1.0,0.0,0.0,0
P0081,E05,1,0.0,0.0,0.0,0
P0039,E11,1,0.0,0.0,0.0,0
P0015,E03,2,0.0,0.5,0.0,0
P0024,E14,2,0.0,0.5,0.0,0
P0132,E07,1,0.0,0.0,0.0,0
P0051,E06,1,0.0,0.0,0.0,0
P0191,E00,1,0.0,0.0,0.0,0
P0205,E15,3,0.0,0.0,0.0,0
P0073,E03,1,0.0,0.0,0.0,0
P0194,E05,1,0.0,0.0,0.0,0
P0189,E00,1,0.0,1.0,0.0,0
P0066,E10,1,0.0,1.0,0.0,0
P0063,E16,2,0.0,0.5,0.0,0
P0163,E15,1,0.0,0.0,0.0,0
P0040,E10,1,0.0,0.0,0.0,0
P0161,E15,2,0.0,0.5,0.0,0
P0148,E01,1,0.0,0.0,0.0,0
P0056,E07,1,0.0,0.0,0.0,0
P0143,E11,1,1.0,0.0,0.0,0
P0109,E15,1,0.0,0.0,0.0,0
P0058,E06,4,0.0,0.25,0.0,0
P0215,E05,2,0.0,0.0,0.0,0
P0137,E03,1,0.0,0.0,0.0,0
P0082,E05,3,0.0,0.0,0.0,0
P0004,E17,2,0.0,0.0,0.0,0
P0080,E02,2,0.0,0.5,0.0,0
P0108,E05,1,0.0,0.0,0.0,0
P0174,E03,1,0.0,0.0,0.0,0
P0111,E05,1,0.0,0.0,0.0,0
P0049,E06,1,0.0,0.0,0.0,0
P0145,E09,1,0.0,1.0,0.0,0
P0122,E16,1,0.0,1.0,0.0,0
P0009,E10,1,0.0,0.0,0.0,0
P0021,E07,1,0.0,0.0,0.0,0
P0095,E05,2,0.0,0.5,0.0,0
P0066,E00,3,0.0,0.3333333333333333,0.0,0
P0159,E16,1,1.0,0.0,0.0,0
P0141,E16,1,0.0,0.0,0.0,0
P0006,E10,4,0.0,0.25,0.0,0
P0003,E15,3,0.0,0.6666666666666666,0.0,0
P0115,E04,1,0.0,0.0,0.0,0
P0205,E13,2,0.5,0.0,0.0,0
P0121,E15,1,0.0,0.0,0.0,0
P0207,E10,1,0.0,0.0,0.0,0
P0062,E05,1,0.0,1.0,0.0,0
P0153,E12,3,0.0,0.3333333333333333,0.0,0
P0172,E13,1,0.0,0.0,0.0,0
P0176,E11,1,0.0,1.0,0.0,0
P0073,E12,2,0.0,0.0,0.0,0
P0046,E13,1,0.0,1.0,0.0,0
P0022,E06,1,0.0,0.0,0.0,0
P0043,E17,1,0.0,1.0,0.0,0
P0015,E12,2,0.5,0.0,0.0,0
P0064,E04,1,0.0,0.0,0.0,0
P0034,E12,1,0.0,1.0,0.0,0
P0049,E09,1,0.0,1.0,0.0,0
P0127,E08,2,0.0,1.0,0.0,0
P0057,E05,1,0.0,1.0,0.0,0
P0089,E08,1,0.0,1.0,0.0,0
P0166,E03,1,1.0,0.0,0.0,0
P0041,E11,1,0.0,0.0,0.0,0
P0140,E03,2,0.5,0.0,0.0,0
P0145,E01,1,0.0,1.0,0.0,0
P0054,E14,1,0.0,0.0,0.0,0
P0147,E06,2,0.0,0.5,0.0,0
P0160,E13,2,0.0,0.0,0.0,0
P0056,E13,1,0.0,1.0,0.0,0
P0006,E14,1,0.0,0.0,0.0,0
P0104,E00,3,0.3333333333333333,0.0,0.0,0
P0043,E07,2,0.0,0.5,0.0,0
P0133,E05,2,0.0,0.0,0.0,0
P0195,E11,4,0.0,0.5,0.0,0
P0182,E14,3,0.3333333333333333,0.0,0.0,0
P0038,E08,1,0.0,0.0,0.0,0
P0019,E07,1,0.0,1.0,0.0,0
P0103,E13,2,0.5,0.0,0.0,0
P0176,E03,2,0.5,0.0,0.0,0
P0157,E10,1,0.0,0.0,0.0,0
P0027,E13,1,1.0,0.0,0.0,0
P0167,E14,1,0.0,0.0,0.0,0
P0184,E01,1,0.0,0.0,0.0,0
P0176,E15,1,0.0,0.0,0.0,0
P0049,E16,2,0.0,0.5,0.0,0
P0023,E05,1,1.0,0.0,0.0,0
P0118,E05,1,0.0,0.0,0.0,0
P0108,E07,1,0.0,0.0,0.0,0
P0153,E07,2,0.0,0.0,0.0,0
P0128,E00,1,0.0,1.0,0.0,0
P0068,E00,1,0.0,1.0,0.0,0
P0134,E04,2,0.5,0.0,0.0,0
P0170,E17,1,1.0,0.0,0.0,0
P0056,E09,2,0.0,0.0,0.0,0
P0013,E02,2,0.0,0.0,0.0,0
P0156,E05,1,0.0,0.0,0.0,0
P0195,E03,1,0.0,1.0,0.0,0
P0184,E17,3,0.0,0.3333333333333333,0.0,0
P0050,E12,1,0.0,0.0,0.0,0
P0164,E05,1,0.0,0.0,0.0,0
P0139,E16,2,0.0,0.5,0.0,0
P0097,E05,1,0.0,0.0,0.0,0
P0128,E16,1,0.0,0.0,0.0,0
P0019,E04,1,0.0,0.0,0.0,0
P0036,E08,2,0.0,0.5,0.0,0
P0145,E15,1,0.0,0.0,0.0,0
P0203,E13,2,0.5,0.0,0.0,0
P0014,E01,3,0.0,0.0,0.0,0
P0072,E17,1,0.0,1.0,0.0,0
P0078,E17,1,1.0,0.0,0.0,0
P0066,E08,1,0.0,1.0,0.0,0
P0128,E13,1,0.0,0.0,0.0,0
P0207,E03,2,0.0,0.0,0.0,0
P0177,E10,2,0.0,0.0,0.0,0
P0104,E07,1,0.0,0.0,0.0,0
P0090,E09,2,0.0,0.0,0.0,0
P0160,E04,1,0.0,1.0,0.0,0
P0077,E15,1,0.0,0.0,0.0,0
P0138,E16,1,0.0,1.0,0.0,0
P0014,E00,2,0.0,0.0,0.0,0
P0162,E13,2,0.0,0.5,0.0,0
P0035,E13,1,0.0,1.0,0.0,0
P0178,E03,1,0.0,1.0,0.0,0
P0134,E03,1,1.0,0.0,0.0,0
P0055,E12,1,0.0,0.0,0.0,0
P0067,E03,1,0.0,0.0,0.0,0
P0099,E12,1,0.0,0.0,0.0,0
P0034,E14,1,0.0,1.0,0.0,0
P0090,E02,1,0.0,0.0,0.0,0
P0194,E13,1,0.0,1.0,0.0,0
P0001,E08,1,0.0,0.0,0.0,0
P0063,E03,1,0.0,0.0,0.0,0
P0096,E02,1,0.0,1.0,0.0,0
P0070,E03,1,1.0,0.0,0.0,0
P0112,E07,1,0.0,1.0,0.0,0
P0116,E13,2,0.5,0.0,0.0,0
P0162,E05,1,0.0,0.0,0.0,0
P0039,E17,1,0.0,1.0,0.0,0
P0001,E10,1,0.0,0.0,0.0,0
P0204,E14,2,0.5,0.0,0.0,0
P0062,E00,1,0.0,1.0,0.0,0
P0190,E05,1,0.0,1.0,0.0,0
P0089,E13,1,0.0,0.0,0.0,0
P0108,E06,1,0.0,0.0,0.0,0
P0144,E16,1,0.0,0.0,0.0,0
P0151,E03,1,0.0,0.0,0.0,0
P0210,E02,1,0.0,0.0,0.0,0
P0177,E02,1,0.0,0.0,0.0,0
P0172,E11,1,0.0,1.0,0.0,0
P0060,E11,1,0.0,0.0,0.0,0
P0031,E10,1,1.0,0.0,0.0,0
P0197,E17,1,0.0,1.0,0.0,0
P0030,E03,2,0.0,0.0,0.0,0
P0180,E04,1,0.0,0.0,0.0,0
P0113,E01,3,0.0,0.3333333333333333,0.0,0
P0159,E15,1,0.0,0.0,0.0,0
P0162,E17,1,0.0,0.0,0.0,0
P0083,E05,1,0.0,0.0,0.0,0
P0197,E07,1,0.0,1.0,0.0,0
P0144,E14,1,0.0,0.0,0.0,0
P0020,E07,2,0.0,0.0,0.0,0
P0012,E05,1,0.0,1.0,0.0,0
P0205,E09,1,0.0,0.0,0.0,0
P0036,E02,2,0.0,0.5,0.0,0
P0098,E04,1,0.0,1.0,0.0,0
P0128,E06,1,0.0,1.0,0.0,0
P0095,E15,1,0.0,1.0,0.0,0
P0150,E01,1,0.0,1.0,0.0,0
P0186,E11,1,0.0,1.0,0.0,0
P0054,E17,1,0.0,0.0,0.0,0
P0109,E09,1,0.0,1.0,0.0,0
P0016,E12,1,0.0,0.0,0.0,0
P0015,E09,1,0.0,1.0,0.0,0
P0151,E14,1,0.0,0.0,0.0,0
P0020,E15,1,1.0,0.0,0.0,0
P0090,E05,1,0.0,1.0,0.0,0
P0016,E08,1,0.0,1.0,0.0,0
P0106,E01,1,0.0,1.0,0.0,0
P0154,E17,1,0.0,0.0,0.0,0
P0203,E10,1,0.0,0.0,0.0,0
P0019,E11,1,1.0,0.0,0.0,0
P0100,E05,1,0.0,0.0,0.0,0
P0212,E08,1,0.0,1.0,0.0,0
P0020,E01,1,0.0,0.0,0.0,0
P0089,E04,1,0.0,0.0,0.0,0
P0031,E05,1,0.0,0.0,0.0,0
P0152,E17,1,0.0,0.0,0.0,0
P0123,E09,1,1.0,0.0,0.0,0
P0050,E04,1,0.0,1.0,0.0,0
P0110,E09,1,0.0,0.0,0.0,0
P0179,E17,1,1.0,0.0,0.0,0
P0189,E09,1,0.0,1.0,0.0,0
P0205,E02,1,0.0,0.0,0.0,0
P0049,E03,2,0.0,0.5,0.0,0
P0093,E14,1,0.0,0.0,0.0,0
P0165,E05,3,0.3333333333333333,0.6666666666666666,0.0,0
P0171,E13,1,0.0,1.0,0.0,0
P0053,E01,2,0.0,0.0,0.0,0
P0117,E13,1,0.0,0.0,0.0,0
P0068,E06,1,0.0,0.0,0.0,0
P0008,E02,1,0.0,0.0,0.0,0
P0065,E15,2,0.5,0.5,0.0,0
P0102,E12,1,0.0,0.0,0.0,0
P0173,E01,3,0.0,0.3333333333333333,0.0,0
P0194,E04,1,0.0,0.0,0.0,0
P0061,E11,1,0.0,0.0,0.0,0
P0032,E01,2,0.0,0.0,0.0,0
P0217,E15,1,0.0,0.0,0.0,0
P0008,E15,2,0.0,0.0,0.0,0
P0161,E01,1,0.0,1.0,0.0,0
P0189,E03,1,0.0,0.0,0.0,0
P0100,E13,4,0.0,0.25,0.0,0
P0108,E02,3,0.0,0.3333333333333333,0.0,0
P0094,E02,3,0.3333333333333333,0.6666666666666666,0.0,0
P0101,E01,2,0.0,0.5,0.0,0
P0161,E16,1,0.0,0.0,0.0,0
P0103,E14,2,0.5,0.0,0.0,0
P0134,E14,1,0.0,0.0,0.0,0
P0031,E14,1,0.0,0.0,0.0,0
P0076,E13,2,0.0,0.0,0.0,0
P0054,E15,1,0.0,0.0,0.0,0
P0214,E15,1,0.0,1.0,0.0,0
P0061,E15,1,0.0,1.0,0.0,0
P0151,E01,1,0.0,1.0,0.0,0
P0121,E00,2,0.5,0.0,0.0,0
P0154,E16,1,0.0,0.0,0.0,0
P0016,E02,1,0.0,0.0,0.0,0
P0128,E14,3,0.3333333333333333,0.3333333333333333,0.0,0
P0172,E02,1,0.0,1.0,0.0,0
P0116,E01,2,0.0,0.5,0.0,0
P0068,E07,1,1.0,0.0,0.0,0
P0166,E12,1,0.0,1.0,0.0,0
P0111,E02,1,0.0,0.0,0.0,0
P0115,E10,1,0.0,1.0,0.0,0
P0056,E08,1,0.0,0.0,0.0,0
P0056,E03,1,1.0,0.0,0.0,0
P0158,E02,1,0.0,1.0,0.0,0
P0086,E01,3,0.0,0.0,0.0,0
P0049,E00,1,0.0,0.0,0.0,0
P0186,E01,1,0.0,1.0,0.0,0
P0206,E02,1,0.0,0.0,0.0,0
P0077,E05,1,0.0,0.0,0.0,0
P0130,E16,1,0.0,0.0,0.0,0
P0156,E13,1,0.0,0.0,0.0,0
P0049,E02,1,0.0,0.0,0.0,0
P0097,E06,1,1.0,0.0,0.0,0
P0112,E02,2,0.0,0.5,0.0,0
P0130,E17,2,0.5,0.0,0.0,0
P0159,E06,1,0.0,0.0,0.0,0
P0061,E02,2,0.0,0.0,0.0,0
P0055,E10,1,0.0,0.0,0.0,0
P0015,E17,1,0.0,0.0,0.0,0
P0144,E10,3,0.3333333333333333,0.6666666666666666,0.0,0
P0178,E00,2,0.0,0.0,0.0,0
P0182,E01,2,0.0,0.5,0.0,0
P0143,E09,1,0.0,1.0,0.0,0
P0075,E11,2,0.0,0.5,0.0,0
P0170,E13,2,0.5,0.0,0.0,0
P0188,E12,2,0.0,0.5,0.0,0
P0188,E07,1,0.0,0.0,0.0,0
P0047,E05,1,0.0,0.0,0.0,0
P0059,E09,1,0.0,1.0,0.0,0
P0112,E01,3,0.0,0.3333333333333333,0.0,0
P0108,E17,3,0.0,0.0,0.0,0
P0121,E13,2,0.5,0.0,0.0,0
P0201,E07,3,0.0,0.0,0.0,0
P0111,E16,4,0.25,0.0,0.0,0
P0071,E11,1,0.0,0.0,0.0,0
P0013,E06,3,0.0,0.3333333333333333,0.0,0
P0008,E01,2,0.5,0.5,0.0,0
P0194,E07,2,0.0,0.0,0.0,0
P0043,E03,2,0.0,0.0,0.0,0
P0009,E13,2,0.5,0.0,0.0,0
P0137,E07,1,0.0,0.0,0.0,0
P0024,E01,1,1.0,0.0,0.0,0
P0108,E15,1,0.0,1.0,0.0,0
P0219,E09,2,0.0,0.0,0.0,0
P0040,E11,1,0.0,0.0,0.0,0
P0126,E05,2,0.0,0.0,0.0,0
P0003,E01,1,0.0,0.0,0.0,0
P0036,E16,2,0.5,0.0,0.0,0
P0171,E15,1,0.0,0.0,0.0,0
P0188,E13,2,0.0,0.5,0.0,0
P0058,E08,5,0.0,0.0,0.0,0
P0037,E07,2,0.5,0.0,0.0,0
P0171,E02,4,0.25,0.75,0.0,0
P0087,E10,3,0.0,0.0,0.0,0
P0172,E03,1,1.0,0.0,0.0,0
P0140,E08,2,0.0,0.5,0.0,0
P0008,E00,2,0.0,0.5,0.0,0
P0205,E06,1,0.0,0.0,0.0,0
P0215,E06,2,0.0,1.0,0.0,0
P0123,E16,2,0.0,0.0,0.0,0
P0174,E10,1,0.0,1.0,0.0,0
P0088,E17,2,0.5,0.5,0.0,0
P0198,E15,2,0.0,1.0,0.0,0
P0094,E04,1,0.0,0.0,0.0,0
P0073,E00,2,0.0,0.5,0.0,0
P0094,E05,4,0.0,0.5,0.0,0
P0143,E17,2,0.0,0.0,0.0,0
P0202,E02,3,0.0,0.6666666666666666,0.0,0
P0043,E16,1,0.0,1.0,0.0,0
P0092,E11,2,0.0,0.5,0.0,0
P0056,E10,2,0.0,0.0,0.0,0
P0047,E15,2,0.5,0.0,0.0,0
P0015,E01,1,0.0,1.0,0.0,0
P0100,E16,2,0.0,0.5,0.0,0
P0061,E08,2,0.0,0.0,0.0,0
P0182,E05,2,0.0,0.5,0.0,0
P0134,E13,2,0.0,0.5,0.0,0
P0115,E09,2,0.5,0.0,0.0,0
P0201,E02,1,1.0,0.0,0.0,0
P0029,E04,2,0.5,0.5,0.0,0
P0072,E09,2,0.0,0.5,0.0,0
P0067,E02,2,0.0,1.0,0.0,0
P0110,E15,1,0.0,0.0,0.0,0
P0119,E00,2,0.5,0.0,0.0,0
P0054,E04,1,0.0,0.0,0.0,0
P0136,E05,1,0.0,0.0,0.0,0
P0170,E01,3,0.0,0.0,0.0,0
P0081,E07,2,0.0,0.5,0.0,0
P0217,E02,1,0.0,0.0,0.0,0
P0191,E04,2,0.5,0.0,0.0,0
P0196,E00,2,0.0,1.0,0.0,0
P0194,E01,1,0.0,1.0,0.0,0
P0084,E01,1,0.0,0.0,0.0,0
P0101,E00,2,0.0,0.5,0.0,0
P0032,E02,3,0.3333333333333333,0.6666666666666666,0.0,0
P0126,E15,3,0.0,0.0,0.0,0
P0205,E03,1,0.0,0.0,0.0,0
P0015,E04,2,0.0,0.0,0.0,0
P0167,E06,1,0.0,1.0,0.0,0
P0039,E02,2,0.0,0.0,0.0,0
P0061,E06,2,0.0,0.0,0.0,0
P0123,E07,1,1.0,0.0,0.0,0
P0004,E09,2,0.5,0.5,0.0,0
P0210,E10,3,0.3333333333333333,0.6666666666666666,0.0,0
P0067,E09,1,0.0,1.0,0.0,0
P0196,E09,1,0.0,0.0,0.0,0
P0007,E05,3,0.0,0.3333333333333333,0.0,0
P0073,E07,1,0.0,0.0,0.0,0
P0165,E04,1,0.0,0.0,0.0,0
P0194,E15,2,0.0,0.0,0.0,0
P0110,E07,1,0.0,0.0,0.0,0
P0118,E12,2,0.0,0.0,0.0,0
P0172,E09,1,0.0,0.0,0.0,0
P0200,E08,2,0.0,0.0,0.0,0
P0107,E14,2,0.0,0.5,0.0,0
P0119,E03,3,0.0,0.0,0.0,0
P0053,E05,2,0.0,0.5,0.0,0
P0095,E13,2,0.0,0.5,0.0,0
P0072,E12,1,0.0,1.0,0.0,0
P0173,E05,1,0.0,0.0,0.0,0
P0079,E03,1,1.0,0.0,0.0,0
P0161,E05,2,0.5,0.0,0.0,0
P0131,E09,2,0.0,0.5,0.0,0
P0023,E04,1,0.0,1.0,0.0,0
P0118,E04,3,0.0,0.3333333333333333,0.0,0
P0127,E07,1,0.0,0.0,0.0,0
P0213,E15,1,0.0,0.0,0.0,0
P0216,E14,2,0.0,0.5,0.0,0
P0069,E06,1,0.0,0.0,0.0,0
P0002,E14,2,0.0,0.0,0.0,0
P0206,E06,1,0.0,0.0,0.0,0
P0196,E03,1,0.0,0.0,0.0,0
P0089,E09,1,0.0,0.0,0.0,0
P0172,E05,3,0.0,1.0,0.0,0
P0184,E08,1,0.0,1.0,0.0,0
P0055,E00,1,0.0,1.0,0.0,0
P0046,E10,2,0.5,0.0,0.0,0
P0157,E09,1,0.0,0.0,0.0,0
P0171,E11,3,0.3333333333333333,0.0,0.0,0
P0211,E17,2,0.0,0.0,0.0,0
P0091,E00,1,0.0,0.0,0.0,0
P0203,E03,1,0.0,1.0,0.0,0
P0036,E13,2,0.0,0.0,0.0,0
P0020,E13,2,0.5,0.0,0.0,0
P0124,E13,2,1.0,0.0,0.0,0
P0170,E04,2,0.0,0.5,0.0,0
P0014,E05,1,0.0,0.0,0.0,0
P0151,E09,1,0.0,0.0,0.0,0
P0080,E08,2,0.0,0.5,0.0,0
P0102,E06,2,0.0,0.0,0.0,0
P0021,E03,2,0.0,0.0,0.0,0
P0118,E03,4,0.0,0.25,0.0,0
P0157,E06,3,0.0,0.6666666666666666,0.0,0
P0105,E11,2,0.5,0.0,0.0,0
P0048,E11,1,0.0,0.0,0.0,0
P0159,E09,3,0.0,0.3333333333333333,0.0,0
P0049,E12,1,0.0,0.0,0.0,0
P0117,E14,1,0.0,0.0,0.0,0
P0146,E14,1,0.0,0.0,0.0,0
P0115,E15,1,0.0,1.0,0.0,0
P0112,E04,1,0.0,0.0,0.0,0
P0087,E01,1,0.0,0.0,0.0,0
P0009,E09,1,0.0,0.0,0.0,0
P0103,E16,2,0.0,0.5,0.0,0
P0141,E01,1,0.0,0.0,0.0,0
P0196,E12,1,0.0,0.0,0.0,0
P0185,E14,2,0.0,0.0,0.0,0
P0040,E00,2,0.0,0.0,0.0,0
P0142,E00,1,1.0,0.0,0.0,0
P0035,E06,1,0.0,1.0,0.0,0
P0133,E07,2,0.0,0.5,0.0,0
P0059,E13,2,0.0,0.0,0.0,0
P0186,E05,1,0.0,0.0,0.0,0
P0092,E02,2,0.0,0.0,0.0,0
P0210,E09,1,0.0,0.0,0.0,0
P0195,E13,1,0.0,1.0,0.0,0
P0002,E11,1,0.0,0.0,0.0,0
P0043,E10,1,0.0,0.0,0.0,0
P0103,E06,1,0.0,0.0,0.0,0
P0078,E03,1,0.0,0.0,0.0,0
P0088,E02,4,0.0,0.0,0.0,0
P0017,E09,1,1.0,0.0,0.0,0
P0109,E14,2,0.0,0.5,0.0,0
P0116,E00,2,0.5,0.0,0.0,0
P0135,E14,3,0.0,0.3333333333333333,0.0,0
P0018,E07,1,1.0,0.0,0.0,0
P0171,E00,3,0.0,0.3333333333333333,0.0,0
P0104,E09,2,0.5,0.0,0.0,0
P0185,E06,1,1.0,0.0,0.0,0
P0115,E07,2,0.0,0.0,0.0,0
P0150,E15,1,0.0,0.0,0.0,0
P0188,E17,1,0.0,0.0,0.0,0
P0209,E08,2,0.0,0.5,0.0,0
P0134,E05,1,0.0,0.0,0.0,0
P0086,E08,2,0.0,1.0,0.0,0
P0154,E10,1,0.0,0.0,0.0,0
P0163,E13,1,0.0,0.0,0.0,0
P0120,E00,1,0.0,0.0,0.0,0
P0135,E06,3,0.0,0.6666666666666666,0.0,0
P0141,E04,1,0.0,0.0,0.0,0
P0064,E10,1,1.0,0.0,0.0,0
P0122,E07,2,0.0,0.5,0.0,0
P0044,E14,1,0.0,1.0,0.0,0
P0008,E06,1,0.0,0.0,0.0,0
P0042,E04,3,0.0,0.3333333333333333,0.0,0
P0063,E10,1,1.0,0.0,0.0,0
P0192,E02,2,0.0,0.5,0.0,0
P0066,E13,1,0.0,0.0,0.0,0
P0165,E13,2,0.0,0.5,0.0,0
P0008,E12,1,0.0,0.0,0.0,0
P0213,E08,3,0.3333333333333333,0.0,0.0,0
P0074,E12,1,0.0,0.0,0.0,0
P0092,E16,1,0.0,0.0,0.0,0
P0053,E09,1,1.0,0.0,0.0,0
P0159,E00,2,0.0,0.0,0.0,0
P0092,E00,1,0.0,0.0,0.0,0
P0131,E00,1,1.0,0.0,0.0,0
P0185,E12,2,0.0,0.5,0.0,0
P0075,E16,2,0.0,1.0,0.0,0
P0142,E13,1,1.0,0.0,0.0,0
P0127,E15,1,0.0,1.0,0.0,0
P0167,E12,2,0.0,1.0,0.0,0
P0106,E07,1,1.0,0.0,0.0,0
P0060,E01,1,0.0,0.0,0.0,0
P0039,E12,4,0.0,0.25,0.0,0
P0163,E14,3,0.0,0.3333333333333333,0.0,0
P0100,E11,1,0.0,1.0,0.0,0
P0071,E09,1,0.0,0.0,0.0,0
P0177,E09,2,0.0,1.0,0.0,0
P0187,E08,1,0.0,0.0,0.0,0
P0196,E04,2,0.0,0.0,0.0,0
P0048,E06,1,0.0,1.0,0.0,0
P0151,E06,2,0.0,0.5,0.0,0
P0027,E08,1,0.0,1.0,0.0,0
P0206,E10,1,0.0,0.0,0.0,0
P0007,E00,1,1.0,0.0,0.0,0
P0184,E10,1,0.0,0.0,0.0,0
P0059,E17,2,0.5,0.0,0.0,0
P0113,E06,2,0.0,1.0,0.0,0
P0063,E15,2,0.0,0.5,0.0,0
P0073,E11,3,0.0,0.3333333333333333,0.0,0
P0141,E09,4,0.0,0.25,0.0,0
P0024,E09,1,0.0,1.0,0.0,0
P0177,E07,1,0.0,0.0,0.0,0
P0214,E10,2,0.5,0.0,0.0,0
P0036,E04,1,0.0,0.0,0.0,0
P0140,E04,1,0.0,1.0,0.0,0
P0054,E07,3,0.3333333333333333,0.3333333333333333,0.0,0
P0183,E17,1,0.0,1.0,0.0,0
P0025,E02,1,0.0,0.0,0.0,0
P0124,E15,2,0.5,0.5,0.0,0
P0142,E17,1,0.0,0.0,0.0,0
P0023,E15,1,0.0,0.0,0.0,0
P0185,E02,1,0.0,0.0,0.0,0
P0068,E14,1,0.0,0.0,0.0,0
P0132,E06,1,0.0,0.0,0.0,0
P0139,E07,2,0.0,0.5,0.0,0
P0138,E13,2,0.0,0.5,0.0,0
P0054,E13,1,0.0,0.0,0.0,0
P0049,E11,1,0.0,0.0,0.0,0
P0185,E15,3,0.0,0.0,0.0,0
P0120,E03,1,0.0,1.0,0.0,0
P0110,E00,1,0.0,1.0,0.0,0
P0188,E14,3,0.0,0.3333333333333333,0.0,0
P0202,E09,1,0.0,0.0,0.0,0
P0028,E15,1,0.0,0.0,0.0,0
P0080,E13,2,0.0,0.5,0.0,0
P0169,E01,1,0.0,0.0,0.0,0
P0185,E11,1,0.0,0.0,0.0,0
P0212,E12,1,0.0,1.0,0.0,0
P0060,E15,2,0.0,0.0,0.0,0
P0060,E17,1,0.0,0.0,0.0,0
P0007,E09,2,0.0,0.5,0.0,0
P0096,E14,2,0.0,0.0,0.0,0
P0055,E16,1,0.0,0.0,0.0,0
P0042,E15,1,0.0,0.0,0.0,0
P0060,E03,1,0.0,0.0,0.0,0
P0129,E12,1,1.0,0.0,0.0,0
P0034,E08,3,0.0,0.6666666666666666,0.0,0
P0192,E15,1,0.0,1.0,0.0,0
P0204,E08,1,0.0,0.0,0.0,0
P0213,E10,1,0.0,1.0,0.0,0
P0110,E11,1,0.0,0.0,0.0,0
P0190,E06,2,0.0,0.0,0.0,0
P0160,E12,2,0.0,0.0,0.0,0
P0027,E10,3,0.0,0.6666666666666666,0.0,0
P0034,E06,1,0.0,0.0,0.0,0
P0211,E12,2,0.0,0.5,0.0,0
P0088,E15,1,0.0,0.0,0.0,0
P0006,E12,1,0.0,0.0,0.0,0
P0027,E16,1,0.0,0.0,0.0,0
P0218,E01,1,0.0,1.0,0.0,0
P0160,E03,2,0.0,0.5,0.0,0
P0072,E04,1,0.0,0.0,0.0,0
P0109,E13,1,0.0,0.0,0.0,0
P0074,E10,1,0.0,0.0,0.0,0
P0198,E16,1,1.0,0.0,0.0,0
P0011,E12,1,0.0,0.0,0.0,0
P0134,E06,1,0.0,1.0,0.0,0
P0144,E02,2,0.0,0.5,0.0,0
P0028,E03,2,0.0,0.5,0.0,0
P0212,E14,2,0.0,0.5,0.0,0
P0128,E15,2,0.0,0.0,0.0,0
P0118,E10,1,0.0,0.0,0.0,0
P0032,E04,1,0.0,0.0,0.0,0
P0165,E15,1,1.0,0.0,0.0,0
P0047,E02,1,0.0,1.0,0.0,0
P0187,E14,2,0.0,0.5,0.0,0
P0064,E17,1,0.0,0.0,0.0,0
P0158,E03,1,0.0,0.0,0.0,0
P0107,E12,1,0.0,1.0,0.0,0
P0067,E13,1,0.0,1.0,0.0,0
P0139,E09,2,0.0,0.0,0.0,0
P0083,E15,1,0.0,0.0,0.0,0
P0092,E14,1,0.0,0.0,0.0,0
P0116,E07,1,1.0,0.0,0.0,0
P0203,E17,2,0.0,0.0,0.0,0
P0182,E17,1,0.0,0.0,0.0,0
P0053,E03,2,0.0,0.0,0.0,0
P0114,E06,1,0.0,0.0,0.0,0
P0160,E09,2,0.0,0.0,0.0,0
P0102,E03,2,0.0,0.5,0.0,0
P0048,E12,2,0.5,0.5,0.0,0
P0095,E03,1,0.0,0.0,0.0,0
P0005,E00,2,0.0,0.5,0.0,0
P0108,E01,1,0.0,1.0,0.0,0
P0056,E14,2,0.0,0.0,0.0,0
P0150,E11,1,0.0,0.0,0.0,0
P0208,E09,1,0.0,1.0,0.0,0
P0157,E03,1,0.0,0.0,0.0,0
P0065,E14,1,0.0,0.0,0.0,0
P0018,E05,1,0.0,1.0,0.0,0
P0192,E12,1,0.0,0.0,0.0,0
P0137,E08,1,0.0,0.0,0.0,0
P0192,E13,2,0.0,0.0,0.0,0
P0169,E05,1,0.0,1.0,0.0,0
P0134,E08,1,0.0,1.0,0.0,0
P0210,E01,1,0.0,1.0,0.0,0
P0114,E10,1,0.0,0.0,0.0,0
P0123,E06,1,0.0,0.0,0.0,0
P0142,E10,1,0.0,1.0,0.0,0
P0159,E03,1,0.0,1.0,0.0,0
P0114,E00,1,0.0,1.0,0.0,0
P0036,E06,1,0.0,1.0,0.0,0
P0126,E01,1,0.0,0.0,0.0,0
P0126,E00,1,0.0,0.0,0.0,0
P0162,E02,1,0.0,1.0,0.0,0
P0128,E12,1,1.0,0.0,0.0,0
P0005,E01,2,0.0,0.0,0.0,0
P0132,E08,1,0.0,0.0,0.0,0
P0074,E02,1,0.0,1.0,0.0,0
P0156,E08,1,0.0,0.0,0.0,0
P0177,E12,1,0.0,0.0,0.0,0
P0112,E11,1,0.0,1.0,0.0,0
P0083,E07,1,0.0,0.0,0.0,0
P0011,E09,1,0.0,0.0,0.0,0
P0123,E13,1,0.0,0.0,0.0,0
P0101,E02,3,0.0,0.0,0.0,0
P0120,E07,1,0.0,0.0,0.0,0
P0110,E13,1,0.0,0.0,0.0,0
P0209,E14,1,0.0,0.0,0.0,0
P0072,E02,2,0.0,0.0,0.0,0
P0174,E08,2,0.0,0.5,0.0,0
P0162,E08,1,0.0,0.0,0.0,0
P0144,E04,2,0.0,0.5,0.0,0
P0049,E13,1,0.0,0.0,0.0,0
P0062,E09,1,0.0,1.0,0.0,0
P0022,E07,2,0.0,0.5,0.0,0
P0057,E07,1,1.0,0.0,0.0,0
P0117,E10,1,0.0,0.0,0.0,0
P0152,E10,2,0.0,0.5,0.0,0
P0013,E09,1,1.0,0.0,0.0,0
P0018,E11,3,0.0,0.3333333333333333,0.0,0
P0115,E11,1,0.0,0.0,0.0,0
P0194,E06,1,0.0,0.0,0.0,0
P0083,E14,2,0.0,0.5,0.0,0
P0159,E04,3,0.0,0.3333333333333333,0.0,0
P0046,E04,1,0.0,0.0,0.0,0
P0111,E04,2,0.0,0.5,0.0,0
P0216,E10,1,0.0,0.0,0.0,0
P0134,E12,1,0.0,0.0,0.0,0
P0198,E14,1,0.0,0.0,0.0,0
P0205,E04,1,0.0,0.0,0.0,0
P0057,E02,1,0.0,0.0,0.0,0
P0124,E07,5,0.0,0.2,0.0,0
P0161,E03,2,0.0,0.0,0.0,0
P0140,E11,2,0.0,0.5,0.0,0
P0133,E08,1,1.0,0.0,0.0,0
P0107,E06,1,0.0,0.0,0.0,0
P0219,E14,1,0.0,0.0,0.0,0
P0108,E12,3,0.0,0.6666666666666666,0.0,0
P0063,E11,3,0.0,0.3333333333333333,0.0,0
P0148,E04,2,0.0,0.0,0.0,0
P0088,E09,2,0.0,0.5,0.0,0
P0139,E10,4,0.0,0.25,0.0,0
P0050,E17,2,0.5,0.5,0.0,0
P0184,E05,2,0.0,1.0,0.0,0
P0112,E16,1,0.0,0.0,0.0,0
P0027,E12,1,0.0,0.0,0.0,0
P0121,E04,2,0.0,0.5,0.0,0
P0117,E05,1,0.0,1.0,0.0,0
P0107,E04,3,0.0,0.3333333333333333,0.0,0
P0117,E03,1,0.0,0.0,0.0,0
P0055,E02,3,0.0,0.3333333333333333,0.0,0
P0208,E13,1,0.0,1.0,0.0,0
P0056,E12,1,0.0,0.0,0.0,0
P0078,E16,2,0.5,0.5,0.0,0
P0155,E04,1,0.0,1.0,0.0,0
P0115,E14,1,0.0,0.0,0.0,0
P0102,E01,1,0.0,0.0,0.0,0
P0130,E05,2,0.0,1.0,0.0,0
P0107,E11,1,0.0,0.0,0.0,0
P0057,E00,1,0.0,0.0,0.0,0
P0031,E09,1,1.0,0.0,0.0,0
P0003,E10,1,0.0,0.0,0.0,0
P0012,E10,1,0.0,0.0,0.0,0
P0055,E11,1,1.0,0.0,0.0,0
P0022,E10,2,0.0,0.0,0.0,0
P0092,E04,1,0.0,1.0,0.0,0
P0114,E07,2,0.0,0.5,0.0,0
P0172,E17,2,0.0,1.0,0.0,0
P0114,E11,3,0.0,0.6666666666666666,0.0,0
P0138,E06,1,0.0,1.0,0.0,0
P0101,E10,1,0.0,1.0,0.0,0
P0070,E01,1,0.0,1.0,0.0,0
P0047,E10,1,0.0,0.0,0.0,0
P0197,E15,2,0.0,0.0,0.0,0
P0096,E03,1,0.0,1.0,0.0,0
P0092,E07,2,0.5,0.5,0.0,0
P0113,E14,1,0.0,0.0,0.0,0
P0183,E11,1,0.0,0.0,0.0,0
P0154,E06,1,0.0,1.0,0.0,0
P0022,E15,1,0.0,0.0,0.0,0
P0008,E08,1,0.0,0.0,0.0,0
P0084,E00,2,0.0,0.5,0.0,0
P0116,E12,1,0.0,0.0,0.0,0
P0209,E03,1,0.0,0.0,0.0,0
P0151,E00,1,0.0,0.0,0.0,0
P0038,E06,1,0.0,1.0,0.0,0
P0031,E02,1,0.0,0.0,0.0,0
P0170,E10,3,0.0,0.3333333333333333,0.0,0
P0214,E08,1,0.0,1.0,0.0,0
P0136,E06,1,0.0,0.0,0.0,0
P0179,E14,1,1.0,0.0,0.0,0
P0091,E15,2,0.0,0.0,0.0,0
P0218,E11,1,0.0,0.0,0.0,0
P0008,E09,2,0.5,0.5,0.0,0
P0150,E14,1,0.0,0.0,0.0,0
P0035,E08,1,0.0,0.0,0.0,0
P0155,E01,1,0.0,1.0,0.0,0
P0051,E15,2,0.0,0.0,0.0,0
P0013,E08,2,0.0,1.0,0.0,0
P0169,E13,1,0.0,1.0,0.0,0
P0123,E03,1,0.0,1.0,0.0,0
P0003,E13,1,0.0,0.0,0.0,0
P0028,E16,1,0.0,0.0,0.0,0
P0004,E12,1,1.0,0.0,0.0,0
P0078,E01,1,0.0,1.0,0.0,0
P0184,E07,1,0.0,0.0,0.0,0
P0024,E17,1,0.0,0.0,0.0,0
P0037,E13,1,0.0,0.0,0.0,0
P0152,E11,1,0.0,0.0,0.0,0
P0028,E11,1,0.0,0.0,0.0,0
P0198,E11,1,0.0,0.0,0.0,0
P0013,E04,1,0.0,0.0,0.0,0
P0095,E10,1,0.0,0.0,0.0,0
P0081,E13,2,0.0,0.0,0.0,0
P0157,E13,1,0.0,0.0,0.0,0
P0214,E13,1,1.0,0.0,0.0,0
P0069,E07,2,0.0,0.0,0.0,0
P0106,E04,1,0.0,1.0,0.0,0
P0086,E12,1,0.0,0.0,0.0,0
P0042,E09,1,0.0,0.0,0.0,0
P0176,E10,2,0.0,0.5,0.0,0
P0006,E13,1,0.0,1.0,0.0,0
P0010,E02,2,0.5,0.5,0.0,0
P0119,E09,1,0.0,1.0,0.0,0
P0126,E03,1,0.0,0.0,0.0,0
P0199,E13,1,0.0,0.0,0.0,0
P0025,E11,1,0.0,0.0,0.0,0
P0009,E08,1,0.0,0.0,0.0,0
P0030,E06,1,0.0,0.0,0.0,0
P0113,E07,1,0.0,1.0,0.0,0
P0148,E14,1,0.0,0.0,0.0,0
P0100,E04,1,0.0,0.0,0.0,0
P0046,E17,1,0.0,0.0,0.0,0
P0011,E04,2,0.0,0.0,0.0,0
P0136,E13,1,0.0,1.0,0.0,0
P0118,E09,2,0.0,0.0,0.0,0
P0099,E11,1,0.0,0.0,0.0,0
P0029,E10,1,0.0,0.0,0.0,0
P0154,E07,1,0.0,1.0,0.0,0
P0200,E00,3,0.3333333333333333,0.0,0.0,0
P0008,E13,1,0.0,0.0,0.0,0
P0100,E08,1,0.0,1.0,0.0,0
P0046,E07,1,0.0,0.0,0.0,0
P0088,E11,1,0.0,1.0,0.0,0
P0050,E13,1,0.0,0.0,0.0,0
P0195,E04,1,0.0,0.0,0.0,0
P0032,E11,1,0.0,1.0,0.0,0
P0020,E14,2,0.0,0.5,0.0,0
P0169,E07,1,0.0,0.0,0.0,0
P0037,E06,1,0.0,1.0,0.0,0
P0203,E05,1,0.0,1.0,0.0,0
P0083,E09,1,0.0,1.0,0.0,0
P0105,E13,2,0.0,0.0,0.0,0
P0184,E14,1,0.0,0.0,0.0,0
P0218,E05,1,0.0,0.0,0.0,0
P0041,E15,1,0.0,0.0,0.0,0
P0144,E09,1,0.0,0.0,0.0,0
P0160,E15,1,0.0,1.0,0.0,0
P0101,E06,2,0.0,0.0,0.0,0
P0072,E10,1,0.0,0.0,0.0,0
P0083,E12,1,0.0,0.0,0.0,0
P0126,E04,1,0.0,0.0,0.0,0
P0087,E14,1,0.0,0.0,0.0,0
P0108,E09,1,0.0,1.0,0.0,0
P0186,E13,2,0.0,0.0,0.0,0
P0070,E10,1,0.0,0.0,0.0,0
P0186,E00,1,0.0,1.0,0.0,0
P0109,E06,1,0.0,1.0,0.0,0
P0031,E16,1,0.0,0.0,0.0,0
P0132,E02,1,0.0,1.0,0.0,0
P0168,E02,1,0.0,0.0,0.0,0
P0127,E00,1,1.0,0.0,0.0,0
P0202,E16,1,0.0,0.0,0.0,0
P0095,E00,1,0.0,0.0,0.0,0
P0075,E15,2,0.5,0.0,0.0,0
P0184,E12,3,0.3333333333333333,0.0,0.0,0
P0015,E15,1,0.0,0.0,0.0,0
P0118,E02,1,0.0,0.0,0.0,0
P0107,E15,1,0.0,0.0,0.0,0
P0044,E13,2,0.0,0.5,0.0,0
P0066,E06,1,0.0,1.0,0.0,0
P0014,E12,2,0.0,0.5,0.0,0
P0186,E02,1,0.0,0.0,0.0,0
P0041,E03,3,0.3333333333333333,0.3333333333333333,0.0,0
P0045,E04,1,0.0,0.0,0.0,0
P0021,E00,1,0.0,1.0,0.0,0
P0123,E15,3,0.0,0.3333333333333333,0.0,0
P0188,E10,1,0.0,1.0,0.0,0
P0158,E12,2,0.0,0.0,0.0,0
P0136,E03,2,0.0,0.5,0.0,0
P0195,E15,1,0.0,0.0,0.0,0
P0161,E02,1,0.0,1.0,0.0,0
P0134,E11,4,0.0,0.25,0.0,0
P0197,E12,1,1.0,0.0,0.0,0
P0023,E03,1,0.0,0.0,0.0,0
P0076,E02,1,0.0,1.0,0.0,0
P0008,E07,2,0.0,0.5,0.0,0
P0136,E16,3,0.0,0.3333333333333333,0.0,0
P0213,E14,3,0.0,0.3333333333333333,0.0,0
P0096,E11,2,0.5,0.5,0.0,0
P0205,E16,2,0.5,0.0,0.0,0
P0158,E14,1,1.0,0.0,0.0,0
P0177,E11,1,0.0,1.0,0.0,0
P0098,E16,1,0.0,0.0,0.0,0
P0111,E12,2,0.0,0.5,0.0,0
P0168,E03,2,0.0,0.0,0.0,0
P0103,E15,1,0.0,0.0,0.0,0
P0011,E15,2,0.0,0.5,0.0,0
P0060,E16,1,0.0,0.0,0.0,0
P0101,E15,1,0.0,1.0,0.0,0
P0022,E14,1,0.0,0.0,0.0,0
P0143,E14,1,1.0,0.0,0.0,0
P0010,E14,1,0.0,0.0,0.0,0
P0194,E00,1,0.0,0.0,0.0,0
P0015,E02,1,1.0,0.0,0.0,0
P0066,E04,1,0.0,0.0,0.0,0
P0164,E10,2,0.0,0.0,0.0,0
P0099,E06,1,0.0,0.0,0.0,0
P0205,E10,1,1.0,0.0,0.0,0
P0081,E11,1,0.0,0.0,0.0,0
P0213,E13,2,0.0,0.5,0.0,0
P0135,E17,2,0.0,0.5,0.0,0
P0043,E00,1,0.0,1.0,0.0,0
P0018,E13,1,1.0,0.0,0.0,0
P0104,E12,1,0.0,0.0,0.0,0
P0186,E03,3,0.0,0.0,0.0,0
P0074,E11,2,0.5,0.5,0.0,0
P0001,E03,2,0.0,0.0,0.0,0
P0209,E01,1,1.0,0.0,0.0,0
P0082,E12,2,0.0,1.0,0.0,0
P0020,E02,1,0.0,1.0,0.0,0
P0088,E14,4,0.25,0.0,0.0,0
P0198,E03,5,0.0,0.4,0.0,0
P0083,E08,1,1.0,0.0,0.0,0
P0217,E09,2,0.0,0.5,0.0,0
P0136,E11,2,0.0,0.5,0.0,0
P0211,E16,3,0.0,0.6666666666666666,0.0,0
P0069,E01,2,0.0,0.0,0.0,0
P0030,E16,4,0.0,0.25,0.0,0
P0196,E07,4,0.0,0.25,0.0,0
P0038,E17,3,0.0,0.0,0.0,0
P0167,E15,2,0.0,0.5,0.0,0
P0159,E10,2,0.0,0.0,0.0,0
P0118,E16,2,0.0,0.5,0.0,0
P0176,E01,1,0.0,0.0,0.0,0
P0160,E07,1,0.0,1.0,0.0,0
P0019,E16,1,0.0,1.0,0.0,0
P0105,E06,1,0.0,0.0,0.0,0
P0092,E05,1,0.0,1.0,0.0,0
P0100,E14,3,0.0,0.6666666666666666,0.0,0
P0129,E04,1,0.0,0.0,0.0,0
P0004,E06,3,0.0,0.6666666666666666,0.0,0
P0183,E01,3,0.3333333333333333,0.3333333333333333,0.0,0
P0200,E05,1,0.0,0.0,0.0,0
P0127,E01,4,0.0,0.75,0.0,0
P0201,E12,1,0.0,1.0,0.0,0
P0167,E02,5,0.2,0.2,0.0,0
P0028,E02,2,0.0,0.5,0.0,0
P0053,E08,3,0.0,0.3333333333333333,0.0,0
P0210,E12,1,1.0,0.0,0.0,0
P0087,E06,2,0.0,0.5,0.0,0
P0205,E11,2,0.0,0.0,0.0,0
P0162,E01,3,0.0,0.6666666666666666,0.0,0
P0062,E16,1,0.0,0.0,0.0,0
P0141,E17,1,0.0,1.0,0.0,0
P0001,E12,1,0.0,1.0,0.0,0
P0057,E14,1,1.0,0.0,0.0,0
P0169,E15,2,0.0,0.0,0.0,0
P0094,E06,2,0.5,0.5,0.0,0
P0017,E00,3,0.0,1.0,0.0,0
P0086,E02,4,0.0,0.25,0.0,0
P0171,E17,2,0.5,0.5,0.0,0
P0159,E13,1,0.0,1.0,0.0,0
P0046,E11,1,0.0,0.0,0.0,0
P0125,E00,3,0.3333333333333333,0.3333333333333333,0.0,0
P0208,E08,1,0.0,0.0,0.0,0
P0001,E13,3,0.0,0.0,0.0,0
P0147,E02,1,0.0,1.0,0.0,0
P0048,E15,1,0.0,0.0,0.0,0
P0029,E08,2,0.0,0.0,0.0,0
P0181,E06,2,0.0,0.0,0.0,0
P0090,E06,1,0.0,0.0,0.0,0
P0085,E15,3,0.0,0.6666666666666666,0.0,0
P0125,E14,2,0.0,0.0,0.0,0
P0087,E15,3,0.3333333333333333,0.0,0.0,0
P0091,E02,1,0.0,0.0,0.0,0
P0068,E15,2,0.0,0.5,0.0,0
P0146,E07,2,0.0,0.5,0.0,0
P0172,E14,2,0.5,0.5,0.0,0
P0024,E06,2,0.0,0.5,0.0,0
P0041,E07,3,0.0,0.3333333333333333,0.0,0
P0010,E04,1,0.0,0.0,0.0,0
P0043,E04,3,0.3333333333333333,0.0,0.0,0
P0094,E11,1,0.0,0.0,0.0,0
P0098,E14,1,0.0,0.0,0.0,0
P0051,E08,2,0.0,0.0,0.0,0
P0153,E09,1,0.0,0.0,0.0,0
P0216,E09,2,0.0,0.0,0.0,0
P0048,E16,2,0.0,0.5,0.0,0
P0128,E10,1,0.0,0.0,0.0,0
P0113,E12,2,0.0,0.0,0.0,0
P0169,E09,2,0.0,0.0,0.0,0
P0155,E07,2,0.5,0.0,0.0,0
P0059,E00,2,0.5,0.5,0.0,0
P0199,E10,1,0.0,0.0,0.0,0
P0100,E02,2,0.0,0.0,0.0,0
P0084,E16,1,0.0,0.0,0.0,0
P0195,E01,1,0.0,0.0,0.0,0
P0157,E12,2,0.0,0.5,0.0,0
P0005,E06,1,0.0,1.0,0.0,0
P0109,E05,1,0.0,0.0,0.0,0
P0090,E11,2,0.0,0.0,0.0,0
P0104,E14,1,0.0,1.0,0.0,0
P0121,E11,1,0.0,0.0,0.0,0
P0026,E03,1,0.0,0.0,0.0,0
P0033,E17,1,0.0,0.0,0.0,0
P0160,E11,1,0.0,0.0,0.0,0
P0019,E01,2,0.5,0.0,0.0,0
P0044,E11,2,0.5,0.0,0.0,0
P0175,E05,2,0.0,1.0,0.0,0
P0009,E12,1,0.0,1.0,0.0,0
P0091,E08,1,0.0,0.0,0.0,0
P0131,E16,3,0.0,0.0,0.0,0
P0026,E06,2,0.0,0.5,0.0,0
P0187,E04,1,0.0,1.0,0.0,0
P0217,E01,2,0.0,0.5,0.0,0
P0212,E01,2,0.0,0.0,0.0,0
P0147,E17,3,0.3333333333333333,0.3333333333333333,0.0,0
P0051,E00,5,0.2,0.2,0.0,0
P0214,E01,1,1.0,0.0,0.0,0
P0193,E12,1,0.0,0.0,0.0,0
P0164,E15,2,0.0,0.5,0.0,0
P0083,E11,1,0.0,0.0,0.0,0
P0109,E10,2,0.5,0.0,0.0,0
P0127,E12,2,0.0,0.0,0.0,0
P0155,E14,1,0.0,0.0,0.0,0
P0102,E05,1,0.0,1.0,0.0,0
P0031,E01,2,0.0,0.0,0.0,0
P0079,E15,3,0.3333333333333333,0.0,0.0,0
P0115,E01,2,0.5,0.0,0.0,0
P0128,E02,3,0.0,0.6666666666666666,0.0,0
P0163,E01,2,0.5,0.5,0.0,0
P0194,E03,1,0.0,0.0,0.0,0
P0096,E07,1,0.0,0.0,0.0,0
P0067,E14,1,0.0,0.0,0.0,0
P0009,E17,2,0.0,1.0,0.0,0
P0049,E10,3,0.3333333333333333,0.6666666666666666,0.0,0
P0191,E08,1,0.0,1.0,0.0,0
P0108,E08,1,0.0,0.0,0.0,0
P0038,E14,1,0.0,0.0,0.0,0
P0033,E08,1,0.0,0.0,0.0,0
P0129,E15,2,0.0,0.0,0.0,0
P0153,E03,2,1.0,0.0,0.0,0
P0216,E01,1,0.0,0.0,0.0,0
P0119,E14,2,0.5,0.5,0.0,0
P0042,E03,4,0.0,0.5,0.0,0
P0142,E12,1,0.0,0.0,0.0,0
P0026,E05,2,0.0,0.0,0.0,0
P0186,E04,1,0.0,1.0,0.0,0
P0162,E12,2,0.0,0.5,0.0,0
P0142,E03,1,1.0,0.0,0.0,0
P0076,E15,1,0.0,0.0,0.0,0
P0138,E10,1,0.0,1.0,0.0,0
P0041,E04,1,0.0,0.0,0.0,0
P0168,E13,2,0.0,0.0,0.0,0
P0086,E11,1,0.0,0.0,0.0,0
P0048,E13,1,0.0,1.0,0.0,0
P0120,E02,2,0.0,0.0,0.0,0
P0038,E15,2,0.0,0.0,0.0,0
P0060,E00,2,0.0,0.5,0.0,0
P0110,E06,1,0.0,0.0,0.0,0
P0076,E12,3,0.3333333333333333,0.0,0.0,0
P0208,E03,3,0.0,0.3333333333333333,0.0,0
P0088,E10,1,0.0,1.0,0.0,0
P0174,E14,1,0.0,1.0,0.0,0
P0016,E03,2,0.5,0.5,0.0,0
P0171,E14,1,0.0,0.0,0.0,0
P0051,E13,1,0.0,0.0,0.0,0
P0151,E12,2,0.5,0.5,0.0,0
P0194,E11,1,0.0,0.0,0.0,0
P0154,E05,1,0.0,0.0,0.0,0
P0081,E06,3,0.0,0.0,0.0,0
P0068,E08,2,0.0,0.0,0.0,0
P0021,E12,2,0.0,0.0,0.0,0
P0039,E14,1,0.0,0.0,0.0,0
P0213,E03,1,0.0,1.0,0.0,0
P0135,E05,1,0.0,0.0,0.0,0
P0071,E00,1,0.0,0.0,0.0,0
P0199,E00,2,0.0,0.0,0.0,0
P0185,E09,2,0.0,0.5,0.0,0
P0016,E00,2,0.0,0.5,0.0,0
P0085,E14,3,0.0,1.0,0.0,0
P0009,E16,2,0.0,0.5,0.0,0
P0157,E00,3,0.0,0.6666666666666666,0.0,0
P0099,E05,1,0.0,0.0,0.0,0
P0056,E17,1,0.0,0.0,0.0,0
P0021,E09,1,0.0,0.0,0.0,0
P0064,E05,1,0.0,1.0,0.0,0
P0087,E00,1,0.0,1.0,0.0,0
P0051,E16,2,0.0,0.5,0.0,0
P0121,E02,1,0.0,1.0,0.0,0
P0014,E11,1,0.0,0.0,0.0,0
P0120,E14,1,0.0,1.0,0.0,0
P0150,E02,1,0.0,0.0,0.0,0
P0060,E13,1,0.0,0.0,0.0,0
P0175,E02,1,0.0,0.0,0.0,0
P0099,E07,2,0.0,1.0,0.0,0
P0149,E07,1,0.0,1.0,0.0,0
P0171,E10,2,0.0,0.0,0.0,0
P0060,E07,2,0.0,0.0,0.0,0
P0087,E17,1,0.0,0.0,0.0,0
P0125,E17,1,0.0,0.0,0.0,0
P0115,E12,2,0.0,0.0,0.0,0
P0213,E12,2,0.0,0.5,0.0,0
P0173,E00,3,0.3333333333333333,0.6666666666666666,0.0,0
P0068,E17,2,0.0,0.0,0.0,0
P0218,E13,1,1.0,0.0,0.0,0
P0000,E08,1,1.0,0.0,0.0,0
P0106,E17,1,1.0,0.0,0.0,0
P0064,E14,1,0.0,0.0,0.0,0
P0194,E10,2,0.5,0.5,0.0,0
P0044,E07,1,0.0,1.0,0.0,0
P0093,E06,2,0.0,0.5,0.0,0
P0074,E00,1,0.0,0.0,0.0,0
P0073,E09,1,0.0,0.0,0.0,0
P0167,E09,1,0.0,1.0,0.0,0
P0198,E13,1,0.0,1.0,0.0,0
P0080,E11,1,1.0,0.0,0.0,0
P0057,E08,3,0.0,0.6666666666666666,0.0,0
P0075,E02,2,0.5,0.0,0.0,0
P0067,E12,3,0.0,0.0,0.0,0
P0115,E02,1,0.0,1.0,0.0,0
P0123,E02,1,0.0,0.0,0.0,0
P0216,E08,1,0.0,0.0,0.0,0
P0002,E13,1,0.0,0.0,0.0,0
P0174,E00,2,0.0,1.0,0.0,0
P0034,E16,2,0.0,0.0,0.0,0
P0197,E08,1,0.0,1.0,0.0,0
P0140,E07,2,0.0,1.0,0.0,0
P0099,E02,2,0.0,0.0,0.0,0
P0145,E00,1,1.0,0.0,0.0,0
P0095,E14,2,0.5,0.0,0.0,0
P0051,E17,2,0.5,0.0,0.0,0
P0135,E09,3,0.0,1.0,0.0,0
P0101,E16,1,0.0,0.0,0.0,0
P0192,E17,2,0.0,0.5,0.0,0
P0085,E10,1,0.0,0.0,0.0,0
P0002,E04,1,0.0,0.0,0.0,0
P0147,E12,1,0.0,0.0,0.0,0
P0216,E07,1,0.0,1.0,0.0,0
P0148,E13,1,0.0,0.0,0.0,0
P0118,E00,1,0.0,0.0,0.0,0
P0067,E08,1,0.0,1.0,0.0,0
P0080,E17,1,1.0,0.0,0.0,0
P0130,E08,1,1.0,0.0,0.0,0
P0078,E14,2,0.0,1.0,0.0,0
P0103,E10,1,0.0,0.0,0.0,0
P0113,E00,2,0.0,0.0,0.0,0
P0161,E12,1,0.0,0.0,0.0,0
P0004,E14,1,0.0,0.0,0.0,0
P0153,E10,1,0.0,0.0,0.0,0
P0032,E14,2,0.0,0.0,0.0,0
P0165,E07,1,0.0,0.0,0.0,0
P0012,E03,2,0.0,0.0,0.0,0
P0095,E11,2,0.5,0.0,0.0,0
P0030,E00,1,0.0,0.0,0.0,0
P0100,E06,1,0.0,0.0,0.0,0
P0006,E00,1,0.0,0.0,0.0,0
P0162,E09,1,0.0,0.0,0.0,0
P0044,E05,1,0.0,0.0,0.0,0
P0031,E00,4,0.0,0.0,0.0,0
P0062,E04,2,0.0,0.0,0.0,0
P0015,E06,2,0.0,0.0,0.0,0
P0075,E17,2,0.0,0.0,0.0,0
P0070,E09,1,0.0,0.0,0.0,0
P0085,E04,1,0.0,0.0,0.0,0
P0176,E00,1,0.0,0.0,0.0,0
P0089,E16,2,0.5,0.5,0.0,0
P0026,E16,1,0.0,0.0,0.0,0
P0057,E01,1,0.0,1.0,0.0,0
P0139,E15,1,0.0,0.0,0.0,0
P0177,E17,1,0.0,1.0,0.0,0
P0023,E02,2,0.5,0.0,0.0,0
P0030,E10,2,0.5,0.0,0.0,0
P0121,E01,1,0.0,0.0,0.0,0
P0218,E04,1,0.0,0.0,0.0,0
P0019,E12,1,0.0,1.0,0.0,0
P0045,E15,1,0.0,0.0,0.0,0
P0183,E16,1,0.0,1.0,0.0,0
P0062,E12,1,0.0,0.0,0.0,0
P0094,E08,1,0.0,0.0,0.0,0
P0094,E10,1,0.0,0.0,0.0,0
P0098,E06,2,0.5,0.0,0.0,0
P0018,E08,1,0.0,0.0,0.0,0
P0189,E04,1,0.0,0.0,0.0,0
P0044,E00,1,0.0,0.0,0.0,0
P0044,E03,2,0.0,0.0,0.0,0
P0081,E08,1,0.0,1.0,0.0,0
P0174,E17,1,0.0,1.0,0.0,0
P0134,E01,1,0.0,0.0,0.0,0
P0020,E09,1,0.0,0.0,0.0,0
P0151,E15,1,0.0,0.0,0.0,0
P0012,E06,1,0.0,0.0,0.0,0
P0002,E17,1,0.0,0.0,0.0,0
P0114,E12,2,0.0,0.5,0.0,0
P0084,E06,2,0.0,0.0,0.0,0
P0111,E11,1,0.0,1.0,0.0,0
P0104,E01,1,0.0,0.0,0.0,0
P0174,E11,2,0.0,0.0,0.0,0
P0209,E05,1,0.0,1.0,0.0,0
P0174,E07,1,0.0,1.0,0.0,0
P0156,E09,3,0.3333333333333333,0.0,0.0,0
P0197,E02,1,0.0,0.0,0.0,0
P0077,E12,1,0.0,0.0,0.0,0
P0064,E13,1,0.0,1.0,0.0,0
P0140,E01,1,0.0,1.0,0.0,0
P0152,E14,1,0.0,0.0,0.0,0
P0029,E03,1,0.0,1.0,0.0,0
P0193,E14,1,1.0,0.0,0.0,0
P0130,E02,1,0.0,1.0,0.0,0
P0068,E13,1,0.0,1.0,0.0,0
P0179,E03,2,0.0,0.5,0.0,0
P0048,E10,1,0.0,0.0,0.0,0
P0183,E06,2,0.5,0.0,0.0,0
P0119,E15,1,0.0,0.0,0.0,0
P0015,E11,1,0.0,0.0,0.0,0
P0218,E15,1,0.0,0.0,0.0,0
P0078,E09,1,0.0,1.0,0.0,0
P0120,E16,1,0.0,0.0,0.0,0
P0133,E10,2,0.5,0.0,0.0,0
P0173,E04,1,0.0,0.0,0.0,0
P0123,E17,2,0.0,0.0,0.0,0
P0212,E09,2,0.0,1.0,0.0,0
P0020,E05,2,0.0,0.5,0.0,0
P0004,E11,1,0.0,0.0,0.0,0
P0045,E02,1,0.0,0.0,0.0,0
P0036,E12,1,0.0,0.0,0.0,0
P0124,E10,1,0.0,0.0,0.0,0
P0006,E17,1,0.0,0.0,0.0,0
P0120,E12,1,0.0,1.0,0.0,0
P0077,E04,2,0.0,1.0,0.0,0
P0188,E11,1,0.0,0.0,0.0,0
P0126,E10,1,0.0,1.0,0.0,0
P0141,E11,1,0.0,0.0,0.0,0
P0141,E07,1,0.0,0.0,0.0,0
P0023,E10,1,0.0,0.0,0.0,0
P0177,E05,1,0.0,0.0,0.0,0
P0110,E08,1,1.0,0.0,0.0,0
P0005,E08,1,0.0,0.0,0.0,0
P0055,E14,1,0.0,0.0,0.0,0
P0044,E17,1,0.0,1.0,0.0,0
P0040,E14,1,0.0,0.0,0.0,0
P0215,E16,1,0.0,0.0,0.0,0
P0095,E07,1,0.0,0.0,0.0,0
P0065,E04,1,0.0,0.0,0.0,0
P0073,E04,1,0.0,0.0,0.0,0
P0124,E17,1,0.0,0.0,0.0,0
P0063,E13,1,0.0,0.0,0.0,0
P0155,E12,1,0.0,0.0,0.0,0
P0067,E11,1,0.0,0.0,0.0,0
P0137,E12,2,0.0,0.0,0.0,0
P0022,E03,1,1.0,0.0,0.0,0
P0212,E06,1,0.0,0.0,0.0,0
P0218,E06,1,0.0,0.0,0.0,0
P0076,E06,1,0.0,1.0,0.0,0
P0111,E13,3,0.0,0.6666666666666666,0.0,0
P0027,E05,1,0.0,1.0,0.0,0
P0029,E09,2,0.0,1.0,0.0,0
P0033,E09,2,0.0,0.0,0.0,0
P0161,E09,2,0.0,1.0,0.0,0
P0000,E11,2,0.0,0.0,0.0,0
P0101,E03,1,0.0,0.0,0.0,0
P0189,E05,4,0.0,0.25,0.0,0
P0204,E10,1,1.0,0.0,0.0,0
P0020,E11,1,0.0,1.0,0.0,0
P0093,E05,1,0.0,1.0,0.0,0
P0030,E13,2,0.0,0.5,0.0,0
P0156,E12,1,0.0,1.0,0.0,0
P0023,E09,1,0.0,0.0,0.0,0
P0030,E15,2,0.0,0.0,0.0,0
P0196,E14,1,0.0,1.0,0.0,0
P0019,E10,1,0.0,1.0,0.0,0
P0040,E13,1,0.0,0.0,0.0,0
P0030,E14,2,0.0,0.5,0.0,0
P0188,E08,3,0.0,0.3333333333333333,0.0,0
P0187,E02,2,0.0,0.0,0.0,0
P0077,E10,1,0.0,0.0,0.0,0
P0096,E10,1,0.0,1.0,0.0,0
P0135,E01,1,0.0,0.0,0.0,0
P0214,E03,1,0.0,1.0,0.0,0
P0191,E07,1,0.0,0.0,0.0,0
P0017,E12,1,0.0,1.0,0.0,0
P0148,E00,1,0.0,1.0,0.0,0
P0011,E05,1,0.0,0.0,0.0,0
P0014,E14,2,0.0,0.5,0.0,0
P0061,E01,2,0.5,0.0,0.0,0
P0016,E14,1,0.0,0.0,0.0,0
P0100,E01,3,0.0,0.3333333333333333,0.0,0
P0112,E09,2,0.0,0.5,0.0,0
P0017,E17,1,1.0,0.0,0.0,0
P0006,E05,1,0.0,0.0,0.0,0
P0118,E11,1,0.0,1.0,0.0,0
P0046,E02,2,0.0,0.0,0.0,0
P0029,E11,1,0.0,1.0,0.0,0
P0213,E09,2,0.0,0.0,0.0,0
P0136,E04,1,0.0,0.0,0.0,0
P0107,E09,2,0.0,0.0,0.0,0
P0129,E01,1,0.0,0.0,0.0,0
P0112,E10,2,0.0,0.5,0.0,0
P0145,E04,2,0.5,0.0,0.0,0
P0196,E16,1,0.0,0.0,0.0,0
P0178,E15,2,0.0,0.0,0.0,0
P0103,E07,3,0.0,0.3333333333333333,0.0,0
P0025,E05,2,0.0,0.0,0.0,0
P0007,E17,1,0.0,0.0,0.0,0
P0159,E17,1,1.0,0.0,0.0,0
P0057,E12,1,0.0,0.0,0.0,0
P0164,E06,2,0.5,0.5,0.0,0
P0139,E14,1,0.0,0.0,0.0,0
P0001,E00,1,0.0,1.0,0.0,0
P0210,E07,1,0.0,1.0,0.0,0
P0060,E02,1,0.0,0.0,0.0,0
P0212,E05,2,0.0,0.0,0.0,0
P0009,E14,1,0.0,1.0,0.0,0
P0157,E05,2,0.0,0.5,0.0,0
P0199,E07,3,0.0,0.6666666666666666,0.0,0
P0187,E13,1,0.0,0.0,0.0,0
P0086,E17,3,0.0,0.3333333333333333,0.0,0
P0016,E05,1,0.0,1.0,0.0,0
P0152,E03,1,0.0,0.0,0.0,0
P0178,E12,1,0.0,0.0,0.0,0
P0122,E13,1,1.0,0.0,0.0,0
P0137,E06,1,0.0,1.0,0.0,0
P0177,E01,2,0.0,0.0,0.0,0
P0009,E15,1,0.0,0.0,0.0,0
P0200,E03,1,0.0,1.0,0.0,0
P0063,E08,1,0.0,1.0,0.0,0
P0194,E16,2,0.0,0.5,0.0,0
P0058,E16,1,0.0,0.0,0.0,0
P0144,E13,1,1.0,0.0,0.0,0
P0179,E02,1,0.0,0.0,0.0,0
P0204,E15,1,0.0,0.0,0.0,0
P0187,E06,2,0.5,0.0,0.0,0
P0164,E09,1,0.0,1.0,0.0,0
P0040,E05,1,0.0,0.0,0.0,0
P0051,E05,1,0.0,1.0,0.0,0
P0008,E05,1,0.0,1.0,0.0,0
P0217,E10,2,0.0,0.0,0.0,0
P0165,E10,2,0.0,0.0,0.0,0
P0116,E11,1,0.0,0.0,0.0,0
P0018,E15,3,0.0,0.3333333333333333,0.0,0
P0140,E16,2,0.0,0.0,0.0,0
P0180,E12,1,0.0,0.0,0.0,0
P0149,E04,2,0.0,0.0,0.0,0
P0026,E04,1,0.0,0.0,0.0,0
P0139,E04,1,0.0,0.0,0.0,0
P0019,E00,2,0.0,0.0,0.0,0
P0208,E05,1,0.0,0.0,0.0,0
P0058,E05,1,0.0,0.0,0.0,0
P0189,E14,1,0.0,0.0,0.0,0
P0039,E09,3,0.0,0.6666666666666666,0.0,0
P0103,E00,1,1.0,0.0,0.0,0
P0037,E11,1,0.0,0.0,0.0,0
P0199,E03,1,0.0,0.0,0.0,0
P0142,E04,1,0.0,1.0,0.0,0
P0083,E06,2,0.0,0.5,0.0,0
P0052,E02,1,0.0,0.0,0.0,0
P0116,E15,1,0.0,1.0,0.0,0
P0194,E14,1,0.0,1.0,0.0,0
P0104,E04,2,0.5,0.0,0.0,0
P0193,E10,1,0.0,0.0,0.0,0
P0077,E11,1,1.0,0.0,0.0,0
P0062,E11,1,0.0,1.0,0.0,0
P0089,E02,1,0.0,0.0,0.0,0
P0031,E04,1,0.0,0.0,0.0,0
P0148,E05,1,0.0,0.0,0.0,0
P0101,E14,1,0.0,1.0,0.0,0
P0171,E07,1,0.0,0.0,0.0,0
P0124,E08,1,0.0,0.0,0.0,0
P0183,E13,1,0.0,0.0,0.0,0
P0083,E03,1,0.0,1.0,0.0,0
P0023,E12,1,1.0,0.0,0.0,0
P0069,E13,1,0.0,0.0,0.0,0
P0108,E11,1,0.0,1.0,0.0,0
P0048,E02,2,0.0,0.5,0.0,0
P0182,E15,2,0.0,0.5,0.0,0
P0072,E00,1,0.0,0.0,0.0,0
P0078,E12,2,0.0,0.0,0.0,0
P0076,E16,1,0.0,1.0,0.0,0
P0052,E00,1,0.0,1.0,0.0,0
P0041,E10,1,0.0,1.0,0.0,0
P0048,E03,2,0.0,0.0,0.0,0
P0192,E11,1,0.0,0.0,0.0,0
P0013,E10,1,0.0,0.0,0.0,0
P0146,E10,1,0.0,0.0,0.0,0
P0102,E17,1,0.0,0.0,0.0,0
P0072,E15,2,0.0,0.5,0.0,0
P0037,E05,1,0.0,0.0,0.0,0
P0080,E01,2,0.0,0.5,0.0,0
P0026,E07,1,0.0,1.0,0.0,0
P0000,E14,1,0.0,0.0,0.0,0
P0152,E07,1,0.0,1.0,0.0,0
P0159,E07,1,0.0,0.0,0.0,0
P0107,E10,1,0.0,1.0,0.0,0
P0165,E17,1,0.0,1.0,0.0,0
P0131,E10,1,0.0,0.0,0.0,0
P0110,E10,1,0.0,1.0,0.0,0
P0131,E08,1,1.0,0.0,0.0,0
P0149,E02,1,0.0,0.0,0.0,0
P0179,E12,2,0.0,0.5,0.0,0
P0142,E11,1,0.0,1.0,0.0,0
P0017,E02,1,0.0,0.0,0.0,0
P0174,E05,1,0.0,0.0,0.0,0
P0203,E00,1,0.0,0.0,0.0,0
P0100,E09,1,0.0,1.0,0.0,0
P0096,E12,1,0.0,1.0,0.0,0
P0215,E02,1,0.0,0.0,0.0,0
P0014,E04,1,0.0,0.0,0.0,0
P0105,E03,1,0.0,0.0,0.0,0
P0201,E00,1,0.0,0.0,0.0,0
P0151,E17,1,0.0,0.0,0.0,0
P0200,E10,1,0.0,0.0,0.0,0
P0199,E11,1,0.0,0.0,0.0,0
P0045,E14,1,0.0,0.0,0.0,0
P0115,E00,1,0.0,1.0,0.0,0
P0011,E13,1,0.0,0.0,0.0,0
P0142,E14,1,0.0,0.0,0.0,0
P0062,E15,1,0.0,0.0,0.0,0
P0124,E04,1,0.0,0.0,0.0,0
P0137,E02,1,0.0,1.0,0.0,0
P0184,E02,1,0.0,0.0,0.0,0
P0114,E02,3,0.0,0.0,0.0,0
P0172,E06,1,0.0,0.0,0.0,0
P0109,E04,2,0.0,0.5,0.0,0
P0198,E04,2,0.0,0.0,0.0,0
P0202,E01,2,0.0,0.0,0.0,0
P0034,E17,2,0.0,0.5,0.0,0
P0042,E10,1,0.0,0.0,0.0,0
P0195,E14,2,0.0,0.0,0.0,0
P0104,E16,2,0.5,0.0,0.0,0
P0114,E16,2,0.0,0.0,0.0,0
P0092,E17,2,0.5,0.0,0.0,0
P0043,E01,1,0.0,0.0,0.0,0
P0206,E01,1,0.0,0.0,0.0,0
P0075,E06,2,0.0,1.0,0.0,0
P0210,E13,2,0.5,0.5,0.0,0
P0127,E13,1,1.0,0.0,0.0,0
P0095,E01,2,0.5,0.5,0.0,0
P0059,E01,4,0.25,0.0,0.0,0
P0064,E06,1,0.0,0.0,0.0,0
P0063,E17,1,0.0,0.0,0.0,0
P0068,E02,1,0.0,0.0,0.0,0
P0067,E16,2,0.0,0.0,0.0,0
P0041,E01,2,0.0,0.5,0.0,0
P0095,E02,1,0.0,1.0,0.0,0
P0219,E05,1,0.0,0.0,0.0,0
P0019,E02,1,0.0,1.0,0.0,0
P0061,E14,2,1.0,0.0,0.0,0
P0004,E16,1,0.0,0.0,0.0,0
P0088,E00,2,0.0,0.5,0.0,0
P0146,E15,1,0.0,0.0,0.0,0
P0010,E15,1,0.0,1.0,0.0,0
P0003,E16,2,0.0,0.5,0.0,0
P0168,E14,1,0.0,1.0,0.0,0
P0011,E16,1,0.0,1.0,0.0,0
P0196,E15,2,0.0,0.5,0.0,0
P0121,E14,2,0.0,0.5,0.0,0
P0084,E05,1,0.0,1.0,0.0,0
P0079,E06,2,0.0,0.0,0.0,0
P0134,E16,1,0.0,0.0,0.0,0
P0212,E11,1,0.0,0.0,0.0,0
P0095,E16,2,0.0,1.0,0.0,0
P0112,E06,1,0.0,1.0,0.0,0
P0181,E04,2,0.5,0.5,0.0,0
P0213,E02,1,0.0,1.0,0.0,0
P0065,E17,1,0.0,0.0,0.0,0
P0085,E11,1,0.0,1.0,0.0,0
P0155,E17,1,0.0,0.0,0.0,0
P0048,E01,2,0.0,0.5,0.0,0
P0211,E05,1,0.0,0.0,0.0,0
P0135,E00,1,0.0,1.0,0.0,0
P0132,E11,1,0.0,0.0,0.0,0
P0141,E14,1,0.0,0.0,0.0,0
P0206,E05,1,1.0,0.0,0.0,0
P0213,E16,1,0.0,0.0,0.0,0
P0090,E17,1,0.0,1.0,0.0,0
P0000,E15,1,0.0,0.0,0.0,0
P0017,E04,1,1.0,0.0,0.0,0
P0094,E01,1,0.0,1.0,0.0,0
P0045,E08,1,0.0,0.0,0.0,0
P0055,E13,1,0.0,1.0,0.0,0
